S.no,Tiktoker name,Tiktok name,Subscribers,Views avg.,Likes avg.,Comments avg.,Shares avg.,Subscribers (M),Views avg. (M),Likes avg. (M),Comments avg. (K),Shares avg. (K)
1,jypestraykids,Stray Kids,13.8M,6.4M,2.3M,50.2K,34.2K,13.8,6.4,2.3,50200.0,34200.0
2,khaby.lame,Khabane lame,149.2M,17.3M,2.3M,15.2K,8.7K,149.2,17.3,2.3,15200.0,8700.0
3,scarlettsspam2,scarlett,2.1M,17.9M,845.8K,53.9K,6.3K,2.1,17.9,0.8458,53900.0,6300.0
4,addisonre,Addison Rae,88.7M,22M,906.6K,7.6K,26.2K,88.7,22.0,0.9066000000000001,7600.0,26200.0
5,belindatok,Belinda,4.8M,14.2M,1.5M,14.5K,15.3K,4.8,14.2,1.5,14500.0,15300.0
6,onwardwanna,Wannaü•ä,7.5M,12M,2M,20.4K,4.2K,7.5,12.0,2.0,20400.0,4200.0
7,therock,The Rock,55.4M,13.1M,1.5M,14.3K,11.9K,55.4,13.1,1.5,14300.0,11900.0
8,bizarrap,bzrp,5.8M,16.2M,2.7M,4.2K,6.9K,5.8,16.2,2.7,4200.0,6900.0
9,landonbarkerr,Landon Barker,3.8M,11.7M,1.2M,19.1K,15.2K,3.8,11.7,1.2,19100.0,15200.0
10,mrbeast,MrBeast,42.2M,13M,1.7M,17.2K,2.1K,42.2,13.0,1.7,17200.0,2100.0
11,charlidamelio,charli d‚Äôamelio,146.2M,15.2M,959.4K,20.8K,4.6K,146.2,15.2,0.9594,20800.0,4600.0
12,amauryguichon,Amaury Guichon,14.5M,11.4M,1.5M,7.2K,11.8K,14.5,11.4,1.5,7200.0,11800.0
13,jetbentlee,Jet,3.9M,12.4M,2.2M,3.6K,6.6K,3.9,12.4,2.2,3600.0,6600.0
14,kervo.dolo,Kervo.dolo,10.3M,5.7M,1.3M,7.9K,27.6K,10.3,5.7,1.3,7900.0,27600.0
15,ttdramanews,TT Drama Layla,856.3K,6.1M,1.1M,16.6K,17.7K,0.8563,6.1,1.1,16600.0,17700.0
16,mishayoung,–ú–∏—à–∞ –ì–æ—Ä–æ–¥–µ—Ü–∫–∏–π üá∫üá¶,4M,10.8M,680K,5.7K,22.5K,4.0,10.8,0.68,5700.0,22500.0
17,domelipa,domelipa,58.1M,10.4M,1.5M,9.1K,3.5K,58.1,10.4,1.5,9100.0,3500.0
18,kyliejenner,Kylie Jenner,47M,12.3M,1.9M,5.5K,2.6K,47.0,12.3,1.9,5500.0,2600.0
19,enhypen,enhypen,12.7M,4.3M,1.1M,24.8K,14.3K,12.7,4.3,1.1,24800.0,14300.0
20,kimberly.loaiza,Kimberly Loaiza,67.2M,8.8M,1.2M,12.1K,4.3K,67.2,8.8,1.2,12100.0,4300.0
21,ramonvitor,ramonvitor,8.7M,9.3M,1.9M,7.3K,2.4K,8.7,9.3,1.9,7300.0,2400.0
22,txt.bighitent,TOMORROW X TOGETHER,18.1M,3.8M,1.1M,27.4K,9.5K,18.1,3.8,1.1,27400.0,9500.0
23,emraynea,emraynea,1.1M,5.1M,1.4M,6.6K,13.5K,1.1,5.1,1.4,6600.0,13500.0
24,bp_tiktok,blackpinkofficial,31.2M,4.5M,839.6K,13.9K,22.2K,31.2,4.5,0.8396,13900.0,22200.0
25,mtarek.official3,Mohamed Tarek - ŸÖÿ≠ŸÖÿØ ÿ∑ÿßÿ±ŸÇ,1.3M,4.7M,864.2K,21.9K,8K,1.3,4.7,0.8642000000000001,21900.0,8000.0
26,zeth,Zeth,13M,8.5M,1.7M,2.2K,6.2K,13.0,8.5,1.7,2200.0,6200.0
27,kurtsworld,Kurt Kunkle,1.3M,4.9M,685.9K,30.1K,3.3K,1.3,4.9,0.6859,30100.0,3300.0
28,joshtgodfrey,Josh Godfrey,285.5K,6.4M,587.6K,12.8K,16.3K,0.2855,6.4,0.5876,12800.0,16300.0
29,justinflom,JustinFlom,6.1M,12.9M,789.2K,4.5K,6.2K,6.1,12.9,0.7892,4500.0,6200.0
30,williesalim,WILLIE SALIM,15.5M,8.1M,589.2K,17.4K,5.4K,15.5,8.1,0.5892000000000001,17400.0,5400.0
31,rosalia,La Rosalia,25.5M,14.2M,1.2M,3.3K,2.6K,25.5,14.2,1.2,3300.0,2600.0
32,birovr,Biro,3M,6.4M,760.9K,6.1K,14.3K,3.0,6.4,0.7609,6100.0,14300.0
33,kiet.ac.quy,Ki·ªát ·∫Æk W·ª∑,3.3M,5.2M,842.2K,12.3K,8.5K,3.3,5.2,0.8422000000000001,12300.0,8500.0
34,threedotcorey,corey,4.9M,6.3M,1.4M,2.9K,7.1K,4.9,6.3,1.4,2900.0,7100.0
35,iamferv,Fernanda,31.5M,6.6M,962.3K,10K,3.9K,31.5,6.6,0.9622999999999999,10000.0,3900.0
36,winnermaxyt,WinnerMax,4.5M,13.8M,1M,1.8K,4.5K,4.5,13.8,1.0,1800.0,4500.0
37,devankey,Devan Key,8M,6.9M,976.2K,8.6K,3.7K,8.0,6.9,0.9762000000000001,8600.0,3700.0
38,yunggravy,Yung Gravy üçØ,6.6M,9.5M,1.4M,3.5K,2.7K,6.6,9.5,1.4,3500.0,2700.0
39,siscakohl,Sisca Kohl,12.4M,9.2M,1.1M,6.2K,1.8K,12.4,9.2,1.1,6200.0,1800.0
40,lexibrookerivera,Lexi Rivera,23.2M,7.5M,992.5K,8.5K,1.8K,23.2,7.5,0.9925,8500.0,1800.0
41,leith1423,Leithal,1.1M,7.9M,1.3M,3.8K,3.2K,1.1,7.9,1.3,3800.0,3200.0
42,imeyhou,Meyden,3M,9M,799.5K,8K,1.6K,3.0,9.0,0.7995,8000.0,1600.0
43,b.blek,b.blek,2.6M,8M,616.7K,6.4K,7.4K,2.6,8.0,0.6167,6400.0,7400.0
44,mc.pedrinhoofc,Mc Pedrinho,5M,8.2M,1.2M,5K,2K,5.0,8.2,1.2,5000.0,2000.0
45,jennmelon,Jenn Melon,2.2M,5.5M,1.4M,3.8K,4.9K,2.2,5.5,1.4,3800.0,4900.0
46,nilered,NileRed,10.3M,6M,1M,4.4K,6.3K,10.3,6.0,1.0,4400.0,6300.0
47,zhangxi_acupuntura,doctor Zhang Xi,2.9M,7M,378.5K,1.5K,22.5K,2.9,7.0,0.3785,1500.0,22500.0
48,pongamoslo_a_prueba,Pong√°moslo a Prueba,36.7M,9.3M,1.6M,2.3K,2K,36.7,9.3,1.6,2300.0,2000.0
49,itsmacdoogle,ItsMacDoogle,1.8M,3.9M,685.9K,10.1K,13K,1.8,3.9,0.6859,10100.0,13000.0
50,jesusnalgas,jesus_nalgas,2.6M,5M,970.1K,6K,6K,2.6,5.0,0.9701000000000001,6000.0,6000.0
51,notemmamarie,Em,493.9K,4.4M,775.2K,9.1K,6.7K,0.49389999999999995,4.4,0.7752,9100.0,6700.0
52,daniel.labelle,Daniel LaBelle,27M,5.2M,816.8K,3.8K,8.4K,27.0,5.2,0.8168,3800.0,8400.0
53,conangray,conangray,6.4M,3.9M,1.1M,7K,4.9K,6.4,3.9,1.1,7000.0,4900.0
54,spencer_serafica,Xspencer,13.6M,5.2M,924.3K,5.9K,4K,13.6,5.2,0.9242999999999999,5900.0,4000.0
55,musikyotogsj,„ÅÜ„Åï„Å£„Åè„Åæ‚ô°Movie,1.2M,4.3M,192K,1.8K,55.9K,1.2,4.3,0.192,1800.0,55900.0
56,ryanbakery,ùôçùôÆùôñùô£ùòΩùôñùô†ùôöùôßùôÆ,2.9M,5.4M,548.2K,7.8K,7.7K,2.9,5.4,0.5482,7800.0,7700.0
57,soyminisech,üêªüêªSECHITOüêªüêª,1.2M,6.5M,603.4K,2K,9.5K,1.2,6.5,0.6033999999999999,2000.0,9500.0
58,katya.ross,Katya Ross,293.3K,2.8M,665.3K,5.7K,18.1K,0.2933,2.8,0.6653,5700.0,18100.0
59,vinnyguadagnino,vinnyguadagnino,3.1M,5.1M,629.3K,5.9K,7.2K,3.1,5.1,0.6293,5900.0,7200.0
60,lelepons,Lele Pons,27.9M,12.2M,1M,1.5K,1.7K,27.9,12.2,1.0,1500.0,1700.0
61,mattsturniolo,Matt,3.2M,3.2M,812K,10.9K,4.6K,3.2,3.2,0.812,10900.0,4600.0
62,rayssabuq,Rayssa Buq,7.2M,4.3M,775.3K,7.9K,4.1K,7.2,4.3,0.7753,7900.0,4100.0
63,charl1d4meli0,charlidamelio,64.6K,5.4M,804K,6.9K,1.7K,0.06459999999999999,5.4,0.804,6900.0,1700.0
64,pkllipe,Pk,19M,4.8M,893.3K,3K,5.6K,19.0,4.8,0.8933,3000.0,5600.0
65,selenagomez,Selena Gomez,43.2M,5.2M,804.9K,4.2K,4.5K,43.2,5.2,0.8049,4200.0,4500.0
66,_.the.meme.hub._,RANDOM MEMES,2.3M,3.8M,787.7K,2.9K,9K,2.3,3.8,0.7877000000000001,2900.0,9000.0
67,lexibrookerivera,Lexi Rivera,23.4M,7.6M,870.6K,3.1K,1.8K,23.4,7.6,0.8706,3100.0,1800.0
68,bhadbhabie,bhadbhabie,6.3M,5.1M,899.5K,3K,4K,6.3,5.1,0.8995,3000.0,4000.0
69,acpitos,acpitos on ig üì∏,489.6K,5.7M,858.8K,3.5K,3.1K,0.48960000000000004,5.7,0.8588,3500.0,3100.0
70,sofiacarson,SofiaCarson,6.2M,5.7M,903.5K,3.2K,2.9K,6.2,5.7,0.9035,3200.0,2900.0
71,youngswagonoriginal,YoungSwagon,4.9M,5.1M,752.5K,1.4K,6.7K,4.9,5.1,0.7525,1400.0,6700.0
72,montpantoja,Montpantoja,35.7M,6.8M,1M,2.5K,1.9K,35.7,6.8,1.0,2500.0,1900.0
73,azzyland,Azzyland,4.6M,5.3M,774.2K,7K,462,4.6,5.3,0.7742,7000.0,462.0
74,soysuco,soysuco,12.5M,5.4M,570.5K,8.7K,1.1K,12.5,5.4,0.5705,8700.0,1100.0
75,bellapoarch,Bella Poarch,91.4M,7.4M,677.3K,4.9K,1.1K,91.4,7.4,0.6772999999999999,4900.0,1100.0
76,max7424453118,Max Taylor,2.8M,3.5M,572.6K,5.2K,9.5K,2.8,3.5,0.5726,5200.0,9500.0
77,jordanemel,Jordan e Mel,10.2M,4.4M,436.1K,3K,12.2K,10.2,4.4,0.43610000000000004,3000.0,12200.0
78,hannahstocking,Hannah Stocking,26.5M,7.8M,840.8K,1.6K,2.5K,26.5,7.8,0.8408,1600.0,2500.0
79,_xochitl.gomez,X√≥chitl G√≥mez,7.3M,7M,1.3M,26,2.9K,7.3,7.0,1.3,26.0,2900.0
80,rubentuestaok,Ruben Tuesta,21.3M,5.5M,802.3K,1.6K,4.4K,21.3,5.5,0.8022999999999999,1600.0,4400.0
81,charrliiieeee,Charlieee,5.1M,12M,470.2K,1.7K,2.9K,5.1,12.0,0.4702,1700.0,2900.0
82,kallmekris,Kris HC,46.3M,5.4M,936.6K,3.4K,1.5K,46.3,5.4,0.9366,3400.0,1500.0
83,dereklipp_,Derek Lipp,5.3M,3.1M,440.5K,2.5K,15.7K,5.3,3.1,0.4405,2500.0,15700.0
84,jaxwritessongs,Jax,11.7M,4.1M,683.5K,5.4K,3.2K,11.7,4.1,0.6835,5400.0,3200.0
85,calfreezy,Calfreezy,960.6K,6.5M,869.1K,1.7K,2.4K,0.9606,6.5,0.8691,1700.0,2400.0
86,loveofhuns,loveofhuns x,144.7K,3.5M,382.4K,8.3K,8.9K,0.1447,3.5,0.38239999999999996,8300.0,8900.0
87,lizzza,Liza Koshy,29.9M,4.9M,802.8K,2.2K,3.6K,29.9,4.9,0.8028,2200.0,3600.0
88,victormelo,Victor Melo,21.9M,4.5M,736.7K,2.5K,4.2K,21.9,4.5,0.7367,2500.0,4200.0
89,wisdm8,Wisdom Kaye,8.5M,4.6M,874.4K,3.5K,2K,8.5,4.6,0.8744,3500.0,2000.0
90,qpark,Q Park,33.6M,5M,415.3K,3.9K,6.6K,33.6,5.0,0.4153,3900.0,6600.0
91,_lilg4,LIL G,1.7M,4.4M,521.9K,5.5K,4K,1.7,4.4,0.5219,5500.0,4000.0
92,dylanmulvaney,Dylan Mulvaney,7.3M,3.8M,730.8K,6.6K,1.2K,7.3,3.8,0.7308,6600.0,1200.0
93,hafizmahamad,Hafiz Mahamad,1.1M,3M,325.1K,14.4K,7.5K,1.1,3.0,0.3251,14400.0,7500.0
94,oficialmarcuseni,marcus_eni,4.5M,2.2M,198.6K,1.3K,46K,4.5,2.2,0.1986,1300.0,46000.0
95,hola.margo,margo‚ú®,4.1M,6.7M,868.1K,2.4K,1.2K,4.1,6.7,0.8681,2400.0,1200.0
96,dhar.mann,Dhar Mann,14.3M,4.2M,528.1K,6.9K,2.4K,14.3,4.2,0.5281,6900.0,2400.0
97,mementoe,M√°t√© M√©h√©sz,3.6M,3.4M,588.5K,4.4K,5.8K,3.6,3.4,0.5885,4400.0,5800.0
98,kaelimaee,kaeli mae,10.6M,5.5M,733.8K,1.5K,3.5K,10.6,5.5,0.7338,1500.0,3500.0
99,paralympics,paralympics,2.5M,5.4M,467.8K,1.8K,6.3K,2.5,5.4,0.4678,1800.0,6300.0
100,ynchq,–Ø–Ω—á–∏–∫,6.4M,4.9M,660.1K,2.7K,3.5K,6.4,4.9,0.6601,2700.0,3500.0
101,connordewolfe,Connor DeWolfe,5.4M,3M,628.4K,1.6K,9K,5.4,3.0,0.6284,1600.0,9000.0
102,awildani13,NgebisOnline,77.2K,3.7M,498.4K,5.9K,4.4K,0.0772,3.7,0.49839999999999995,5900.0,4400.0
103,paansih16,gustian_magrib,1.1M,2.9M,230.5K,1.2K,27.7K,1.1,2.9,0.2305,1200.0,27700.0
104,otoha_danso,Èü≥ÁæΩ-otoha-,1.5M,3.4M,268K,9.5K,11.2K,1.5,3.4,0.268,9500.0,11200.0
105,ivanlomelitv,Iv√°n Lomeli Travel Blogger,44K,2.4M,188.1K,1.2K,39.6K,0.044,2.4,0.1881,1200.0,39600.0
106,davidguetta,David Guetta,4.5M,4.4M,419.9K,4.1K,5.9K,4.5,4.4,0.4199,4100.0,5900.0
107,quynh.aka,Qu·ª≥nh Aka ‚úÖ,1.9M,4.7M,333.2K,4.4K,7.3K,1.9,4.7,0.3332,4400.0,7300.0
108,gianlucavacchi,Gianluca Vacchi,21.5M,7.7M,477.1K,2K,2.8K,21.5,7.7,0.4771,2000.0,2800.0
109,ashhasacamera,ash,871.7K,3.4M,854.7K,4.1K,2K,0.8717,3.4,0.8547,4100.0,2000.0
110,abdelrhman_boda1,üíé‚òùÔ∏è ÿπ€Åÿ®ÿØÿßŸÑ€Åÿ±ÿ≠€ÅŸÖŸÜ_ÿßÿ≠€ÅŸÖÿØ‚òùÔ∏èüíé,2.8M,8.1M,337.4K,1.3K,5.1K,2.8,8.1,0.3374,1300.0,5100.0
111,garett__nolan,garett nolan,13.4M,4.2M,337.1K,2.4K,10K,13.4,4.2,0.3371,2400.0,10000.0
112,sturniolo.triplets,Sturniolo‚Äôs,4M,2.8M,654.2K,7.6K,2K,4.0,2.8,0.6542,7600.0,2000.0
113,juliano,juliano,9.9M,6.8M,625.2K,3K,1K,9.9,6.8,0.6252000000000001,3000.0,1000.0
114,jwaltonnn,·¥ä‚ö°Ô∏è,733.4K,1.6M,350.9K,27K,2.5K,0.7333999999999999,1.6,0.3509,27000.0,2500.0
115,zodiac.boyfriend,Zodiac Boyfriendü™êüîÆ,2.1M,2.7M,444.7K,5.2K,8.5K,2.1,2.7,0.4447,5200.0,8500.0
116,litkillah,LIT killahü©∏,2.4M,3.2M,428.3K,1.3K,10.6K,2.4,3.2,0.4283,1300.0,10600.0
117,stickyboy69,stickyboy69,8.9M,1.9M,478.8K,14.6K,3.8K,8.9,1.9,0.4788,14600.0,3800.0
118,shxtsngigs,ShxtsNGigs Podcast,4.9M,3.6M,603.1K,1.9K,5.6K,4.9,3.6,0.6031,1900.0,5600.0
119,faeleamendoim,Fael Alegria e Isaac Amendoim,3.6M,5.5M,321.6K,1.3K,7.9K,3.6,5.5,0.3216,1300.0,7900.0
120,thallyssonsb,Thallysson Borges,10.7M,3M,450.1K,3.8K,8.1K,10.7,3.0,0.4501,3800.0,8100.0
121,saramohannad_,Sara,7.9M,4.5M,364.9K,6.3K,3.1K,7.9,4.5,0.3649,6300.0,3100.0
122,miakhalifa,Mia K.,35.7M,5.4M,610.3K,2.5K,2.2K,35.7,5.4,0.6103,2500.0,2200.0
123,qamar_altaey,ùëÑùê¥ùëÄùê¥ùëÖ,3.8M,3M,298.1K,7K,9.9K,3.8,3.0,0.29810000000000003,7000.0,9900.0
124,sofyank96,Sofyank96,2.6M,4.5M,565.1K,2.5K,3.4K,2.6,4.5,0.5651,2500.0,3400.0
125,kooovryt,kika,2.5M,2.9M,516.2K,4K,6K,2.5,2.9,0.5162,4000.0,6000.0
126,leesiyoung38,Ïù¥ÏãúÏòÅ,17.4M,3.5M,658.8K,3.8K,2.8K,17.4,3.5,0.6587999999999999,3800.0,2800.0
127,jdpantoja,JD Pantoja,30.5M,4.6M,751.9K,3.5K,799,30.5,4.6,0.7519,3500.0,799.0
128,billlnai,nai,8.7M,3.4M,934.2K,2.6K,1.9K,8.7,3.4,0.9342,2600.0,1900.0
129,itssassagurl,Sassa Gurl,6.6M,3.5M,565.3K,3.1K,4.1K,6.6,3.5,0.5652999999999999,3100.0,4100.0
130,bargain.bethany,bargainbethany,124.8K,2.2M,208.7K,1.8K,28.3K,0.1248,2.2,0.2087,1800.0,28300.0
131,terryreloaded,Terry Reloaded,6.5M,2.3M,508.7K,2.7K,8.7K,6.5,2.3,0.5087,2700.0,8700.0
132,gordonramsayofficial,Gordon Ramsay,33.8M,6.4M,488.1K,2.2K,2.1K,33.8,6.4,0.48810000000000003,2200.0,2100.0
133,larissagloor,ùóüùóÆùóøùó∂ùòÄùòÄùóÆ ùóöùóπùóºùóºùóø,3.4M,3.1M,756.8K,3.9K,1.8K,3.4,3.1,0.7567999999999999,3900.0,1800.0
134,rah_money1,General ock,3.4M,3.2M,426.3K,3.1K,6.3K,3.4,3.2,0.4263,3100.0,6300.0
135,aymanehamedi,Weld Mimoune,1.1M,3.4M,298.5K,2.8K,9.8K,1.1,3.4,0.2985,2800.0,9800.0
136,luvadepedreiro,Iran Ferreira (Lai),19.4M,4.2M,571.7K,3.7K,1.7K,19.4,4.2,0.5717000000000001,3700.0,1700.0
137,brookemonk_,Brooke Monk,23.6M,5.9M,678.9K,1.9K,1.4K,23.6,5.9,0.6789,1900.0,1400.0
138,parnishacook,–ü–∞—Ä–¥–∞–µ–≤ –ê–ª–∏–±–µ–∫,615.7K,3.2M,183.7K,352,21.3K,0.6157,3.2,0.1837,352.0,21300.0
139,yzn47,ÿπÿ≤Ÿäÿ≤ | Ÿäÿ≤ŸÜ,7M,7M,249.2K,1.2K,6.1K,7.0,7.0,0.24919999999999998,1200.0,6100.0
140,pimrypie__tiktok,Pimrypie,3.3M,7.7M,466.3K,2.3K,1.2K,3.3,7.7,0.4663,2300.0,1200.0
141,alanthedude,Alan,681.8K,3.7M,636K,3.5K,1.8K,0.6818,3.7,0.636,3500.0,1800.0
142,daviddobrik,DAVID DOBRIK,26.2M,4.4M,440.6K,1.7K,4.6K,26.2,4.4,0.44060000000000005,1700.0,4600.0
143,montanablack,GetOnMyLvL,2.5M,3.4M,447.5K,3.5K,4.4K,2.5,3.4,0.4475,3500.0,4400.0
144,vhackerr,Vinnie,14.9M,3.3M,487.1K,4.6K,2.7K,14.9,3.3,0.48710000000000003,4600.0,2700.0
145,cellat36,cellat36,8.6M,5.4M,307.5K,5.2K,1.9K,8.6,5.4,0.3075,5200.0,1900.0
146,thebenjishow,benji,5.9M,3.3M,643.8K,2.2K,3.2K,5.9,3.3,0.6437999999999999,2200.0,3200.0
147,seventeen17_official,SEVENTEEN,6M,1.9M,595.1K,5.3K,4.9K,6.0,1.9,0.5951000000000001,5300.0,4900.0
148,thenataliahms,Natalia Hurtado de Mendoza,73.9K,3.5M,259.6K,928,11.8K,0.07390000000000001,3.5,0.2596,928.0,11800.0
149,loganpaul,Logan Paul,15.9M,4.8M,976.9K,1.4K,1K,15.9,4.8,0.9769,1400.0,1000.0
150,andyarthursmith,Andy Arthur Smith,2.2M,3.3M,564.7K,3.3K,2.8K,2.2,3.3,0.5647000000000001,3300.0,2800.0
151,loganpaul,Logan Paul,15.9M,4.8M,976.9K,1.4K,1K,15.9,4.8,0.9769,1400.0,1000.0
152,andyarthursmith,Andy Arthur Smith,2.2M,3.3M,564.7K,3.3K,2.8K,2.2,3.3,0.5647000000000001,3300.0,2800.0
153,cauwave,cauwave,1.4M,2.6M,396.6K,2.7K,8.2K,1.4,2.6,0.3966,2700.0,8200.0
154,nicollefigueroaa,Nicolle Figueroa,12.7M,5.5M,766.1K,1.8K,882,12.7,5.5,0.7661,1800.0,882.0
155,brookemonk_,Brooke Monk,23.6M,5.7M,620.8K,1.8K,1.3K,23.6,5.7,0.6207999999999999,1800.0,1300.0
156,oldtimehawkey,Old Time Hawkey,6.4M,2.9M,445.5K,4.6K,4K,6.4,2.9,0.4455,4600.0,4000.0
157,mix_151,ŸÖŸÉÿ≥ _Mix,3.4M,4.8M,481.9K,3.2K,1.4K,3.4,4.8,0.4819,3200.0,1400.0
158,mmmjoemele,Joe Mele,22.8M,5.7M,848.4K,1.2K,1K,22.8,5.7,0.8483999999999999,1200.0,1000.0
159,lordtrunks,Lord Trunks,2.2M,4.2M,386.9K,3K,3.6K,2.2,4.2,0.38689999999999997,3000.0,3600.0
160,paytonking,Payton King,5.3M,2.6M,325K,4.8K,7.6K,5.3,2.6,0.325,4800.0,7600.0
161,squatch.and.sons_customs,Squatch and Sons Customs,213.6K,7.7M,471.3K,1.6K,1.2K,0.21359999999999998,7.7,0.4713,1600.0,1200.0
162,incorrectlyroce,Roce Ordo√±ez,8.4M,3.9M,678.6K,2.2K,1.7K,8.4,3.9,0.6786,2200.0,1700.0
163,lifeofclare,Clare Thurkett,42.2K,3.1M,724.4K,1.2K,3.4K,0.0422,3.1,0.7243999999999999,1200.0,3400.0
164,patrickbarnes,Patrick Barnes,2.4M,2.2M,417.2K,3.9K,7.3K,2.4,2.2,0.4172,3900.0,7300.0
165,the.historical,History Footage,201.5K,2.9M,346.2K,4.8K,5.1K,0.2015,2.9,0.3462,4800.0,5100.0
166,blamerobertjames,blamerobertjames,159.3K,3.5M,347.2K,4.4K,3.9K,0.15930000000000002,3.5,0.3472,4400.0,3900.0
167,pollerocho,pollerocho,3.5M,3.5M,567.2K,841,4.2K,3.5,3.5,0.5672,841.0,4200.0
168,ferchugimenez,Fernanda,7.7M,4.5M,825.6K,1.5K,1.1K,7.7,4.5,0.8256,1500.0,1100.0
169,jaykindafunny8,Jaykindafunny,24.3M,4.8M,612.4K,1.3K,2K,24.3,4.8,0.6123999999999999,1300.0,2000.0
170,kulinaria.recetas,AGUS LIPORACE,3.8M,3.4M,408.9K,443,6.4K,3.8,3.4,0.4089,443.0,6400.0
171,cocielo,J√∫lio Cocielo,5M,2.3M,675.9K,2K,4.1K,5.0,2.3,0.6759,2000.0,4100.0
172,darylsabara,darylsabara,695.7K,3.6M,628.5K,1.9K,2.1K,0.6957000000000001,3.6,0.6285,1900.0,2100.0
173,livefromthepark,Ninjy Dave,369K,2.2M,130.2K,1K,30.6K,0.369,2.2,0.13019999999999998,1000.0,30600.0
174,saraisthreads,Sarai Marie,1.6M,2.3M,462.7K,2.6K,6.1K,1.6,2.3,0.4627,2600.0,6100.0
175,fhd.artz,ŸÅŸáÿØ ÿ¢ÿ±ÿ™ || Fahadüé®,2.2M,4.5M,288.8K,5.4K,1.4K,2.2,4.5,0.2888,5400.0,1400.0
176,ig_alongwiranda,üïåüèÉ,880.7K,3.2M,129.4K,1.2K,20K,0.8807,3.2,0.12940000000000002,1200.0,20000.0
177,initiaraandini,tiara andini,5.1M,3.8M,419.6K,2.6K,3K,5.1,3.8,0.41960000000000003,2600.0,3000.0
178,ndshvv,ndshvv,3.2M,3.8M,552.4K,3.4K,764,3.2,3.8,0.5524,3400.0,764.0
179,maiaknight,Maia Knight,8.8M,4.7M,720.5K,1.6K,960,8.8,4.7,0.7205,1600.0,960.0
180,homm9k,–•–û–ú–Ø–ö,44.4M,3.8M,489.8K,3.6K,1.1K,44.4,3.8,0.4898,3600.0,1100.0
181,dobretwins,Lucas and Marcus,36.2M,4.8M,453.1K,2.8K,1.1K,36.2,4.8,0.4531,2800.0,1100.0
182,jacksepticeye,Jacksepticeye,4.9M,2.3M,559.8K,3.8K,2.7K,4.9,2.3,0.5598,3800.0,2700.0
183,franckfs,Franck Farf√°n FS,5.7M,4.9M,330.9K,1K,4.1K,5.7,4.9,0.33089999999999997,1000.0,4100.0
184,iamdtg,DTG,1.2M,2.2M,251.9K,2.2K,12.9K,1.2,2.2,0.2519,2200.0,12900.0
185,jihansalsabila44,Jihan Salsabila,1.6M,2.7M,366.4K,3.6K,4.5K,1.6,2.7,0.3664,3600.0,4500.0
186,brentrivera,Brent Rivera,44.9M,4.9M,574.4K,2K,813,44.9,4.9,0.5744,2000.0,813.0
187,rayandmadalyn,Ray & Madalyn,1.1M,3.6M,496.1K,1.8K,2.6K,1.1,3.6,0.49610000000000004,1800.0,2600.0
188,nessaabarrett,Ness,19.4M,4M,420.5K,2.7K,2K,19.4,4.0,0.4205,2700.0,2000.0
189,leanadeeb,Leana Deeb,10.4M,3.9M,573.5K,1.3K,2.1K,10.4,3.9,0.5735,1300.0,2100.0
190,just.hamilton,Just Hamilton,2.9M,2.3M,371.1K,1.9K,7K,2.9,2.3,0.37110000000000004,1900.0,7000.0
191,wilmah10,wilmah10,6.3K,2.9M,208.2K,2.7K,9.9K,0.0063,2.9,0.2082,2700.0,9900.0
192,official_kep1er,Kep1er,4.8M,2.7M,518.5K,3.6K,1.7K,4.8,2.7,0.5185,3600.0,1700.0
193,loicsuberville,Lo√Øc Suberville,2.4M,2.4M,458.1K,1.6K,5.2K,2.4,2.4,0.4581,1600.0,5200.0
194,lana_mohd89,ùë≥ùë®ùëµùë® ü¶ã,5.7M,4.1M,293.4K,3.7K,2.6K,5.7,4.1,0.2934,3700.0,2600.0
195,bigtugg,Tucker Lindgren,1.3M,2M,444K,3.1K,5.3K,1.3,2.0,0.444,3100.0,5300.0
196,jvke,JVKE,7.7M,3.7M,582.2K,2.1K,1.3K,7.7,3.7,0.5822,2100.0,1300.0
197,bayashi.tiktok,„Éê„É§„Ç∑ü•ëBayashi,33.6M,4.4M,492K,2.6K,786,33.6,4.4,0.492,2600.0,786.0
198,bilalahy,Bilal,3.5M,2.2M,492K,1.9K,4.7K,3.5,2.2,0.492,1900.0,4700.0
199,spicyycam_,Spice King,19.5M,4.2M,414.1K,2.8K,1.3K,19.5,4.2,0.4141,2800.0,1300.0
200,duythamchannel,Duy Th·∫©m,4M,5M,492.5K,2.2K,708,4.0,5.0,0.4925,2200.0,708.0
201,fedevigevani,Fede Vigevani,14.6M,4M,457.2K,2.7K,1.1K,14.6,4.0,0.4572,2700.0,1100.0
202,korectiion,Iam Cleo,390.5K,3M,376.8K,4.3K,1.7K,0.3905,3.0,0.3768,4300.0,1700.0
203,theovon,Theo Von,2.7M,3.1M,320.8K,1.1K,5.6K,2.7,3.1,0.32080000000000003,1100.0,5600.0
204,dafnnejm,dafnne ‚òª,3.8M,3.7M,667.9K,1.4K,1.3K,3.8,3.7,0.6678999999999999,1400.0,1300.0
205,boomershroomer,Ashley Enders,63.8K,4.1M,286.4K,2.4K,3.2K,0.0638,4.1,0.2864,2400.0,3200.0
206,abir.sag,Abir el saghir,14.7M,4.3M,302.8K,2.8K,2.3K,14.7,4.3,0.3028,2800.0,2300.0
207,iamprisleeciyi,Priscilla ‚ó°Ãà,13.9K,2.3M,522.9K,1.2K,4.2K,0.013900000000000001,2.3,0.5229,1200.0,4200.0
208,mikaylahau,Mikaylah,4.9M,3.6M,313.5K,4.6K,1.1K,4.9,3.6,0.3135,4600.0,1100.0
209,ranboolive,Ranboo,4.3M,1.8M,414.8K,7K,1.6K,4.3,1.8,0.4148,7000.0,1600.0
210,fadiljaidi,Fadil Jaidi,8.7M,3.5M,390.7K,2.9K,1.8K,8.7,3.5,0.3907,2900.0,1800.0
211,diiegospyckerzs,Diiego Spyckerzs,808.5K,2.8M,154.5K,3K,11.8K,0.8085,2.8,0.1545,3000.0,11800.0
212,sonyakisa8,Cat Sonya,17.4M,3.5M,287.7K,1K,5.3K,17.4,3.5,0.2877,1000.0,5300.0
213,dbl_n,DBL N officiel üëëüî•üáπüá≥,2.2M,3.6M,392.9K,2.4K,2.1K,2.2,3.6,0.39289999999999997,2400.0,2100.0
214,gavincasalegno,GavinCasalegno,3.2M,2.2M,394.7K,5.3K,1.9K,3.2,2.2,0.3947,5300.0,1900.0
215,gordeewa__13,gordeewa__13 :>,12.7M,5.4M,293.7K,3.2K,722,12.7,5.4,0.29369999999999996,3200.0,722.0
216,guide_smis,‡πÑ‡∏Å‡∏Ñ‡πå '‡∏™‡∏°‡∏¥‡∏ó,275.7K,13.1M,299.2K,435,1.2K,0.2757,13.1,0.29919999999999997,435.0,1200.0
217,lucasmonteirosg,Lucas Monteiro,486.9K,3.8M,469.4K,1.8K,1.7K,0.4869,3.8,0.4694,1800.0,1700.0
218,dasigantung,Dasi Gantung,5.9M,4.6M,648.5K,842,1.3K,5.9,4.6,0.6485,842.0,1300.0
219,vanessalopesr,Vanessa Lopes,25.2M,3.4M,327.8K,3.6K,1.9K,25.2,3.4,0.32780000000000004,3600.0,1900.0
220,alexitoxedits,ALEX <3,2.9M,1.6M,467.1K,3.9K,4.4K,2.9,1.6,0.4671,3900.0,4400.0
221,bretmanrock,bretmanrock,14.4M,2.9M,599.9K,2K,1.4K,14.4,2.9,0.5999,2000.0,1400.0
222,brodywellmaker,Brody Wellmaker,21.6M,3M,430.3K,3.6K,1K,21.6,3.0,0.4303,3600.0,1000.0
223,jamescharles,James Charles,36.9M,4.2M,356.4K,2.9K,1.1K,36.9,4.2,0.3564,2900.0,1100.0
224,pablitocastilloo,pablitocastilloo,5.8M,2M,234.7K,1.8K,10.8K,5.8,2.0,0.2347,1800.0,10800.0
225,jindaouis,Louisa Jindaoui,2M,3.4M,492.2K,1.6K,1.9K,2.0,3.4,0.49219999999999997,1600.0,1900.0
226,readyfredi,fredi p√§rs,3.2M,1.6M,364K,3.8K,6.6K,3.2,1.6,0.364,3800.0,6600.0
227,ive.official,IVE.official,3M,2.4M,355.6K,4.1K,2.7K,3.0,2.4,0.3556,4100.0,2700.0
228,hannahbahng,hannahbahng,2.4M,1.7M,479.4K,5.8K,1.3K,2.4,1.7,0.4794,5800.0,1300.0
229,realnikocadoavocado,Nikocado Avocado,1.7M,3.4M,131K,6.9K,6K,1.7,3.4,0.131,6900.0,6000.0
230,_andrewcurtiss,Andrew Curtis,2.8M,2M,341.9K,5.5K,2.9K,2.8,2.0,0.3419,5500.0,2900.0
231,datvilla94,üî•ƒê·∫°t Villaüî•,6.9M,2.7M,192K,8.6K,2.6K,6.9,2.7,0.192,8600.0,2600.0
232,santiperezvivas,Santi Perez,1.8M,2.5M,418.3K,1.8K,3.8K,1.8,2.5,0.4183,1800.0,3800.0
233,sucss.s,A√ßucena Guirra,11.5M,3.2M,539.9K,2.5K,755,11.5,3.2,0.5398999999999999,2500.0,755.0
234,thalita_karter,thalitaKarter,3.9M,3.4M,200.2K,1.2K,6.9K,3.9,3.4,0.2002,1200.0,6900.0
235,davidcstt_,David Costa,5.3M,3.5M,480.5K,1.9K,1.4K,5.3,3.5,0.4805,1900.0,1400.0
236,strangehumano,nova,10.4M,3.8M,400.8K,2.4K,1.1K,10.4,3.8,0.4008,2400.0,1100.0
237,gregisms,Gregisms‚Äô Neighborhood,2.4M,1.4M,235.8K,4.3K,12.3K,2.4,1.4,0.2358,4300.0,12300.0
238,matheuscllaus,CLAUS,5.4M,2.7M,340.1K,2.3K,3.7K,5.4,2.7,0.3401,2300.0,3700.0
239,halinhofficial,Ha Linh Official,2.7M,4.1M,346.5K,2.4K,1.4K,2.7,4.1,0.3465,2400.0,1400.0
240,kaan.etm,Kaan,3.3M,1.6M,411.5K,3.4K,4.7K,3.3,1.6,0.4115,3400.0,4700.0
241,nicocaponecomedy,nicocapone.comedy,23.1M,4.6M,317.3K,1.4K,2.3K,23.1,4.6,0.3173,1400.0,2300.0
242,aitch12,Aitch,2M,3.5M,351.4K,2.1K,2.3K,2.0,3.5,0.3514,2100.0,2300.0
243,kirbyquimado,Kirbyyy,187.9K,2.1M,274.9K,1.5K,7.6K,0.1879,2.1,0.2749,1500.0,7600.0
244,brycehall,Bryce Hall,22.7M,4.8M,497.8K,1.5K,711,22.7,4.8,0.4978,1500.0,711.0
245,straange_56guuuuy,aikihoruus?,5.9K,1.5M,276.6K,2.2K,10.8K,0.005900000000000001,1.5,0.2766,2200.0,10800.0
246,emillyvickof,Emilly Vick,12.1M,5.4M,444.8K,1.4K,799,12.1,5.4,0.44480000000000003,1400.0,799.0
247,datdo0803,ƒê·ªó ƒê·∫°t,7.6M,3.7M,368.2K,2.6K,1.1K,7.6,3.7,0.36819999999999997,2600.0,1100.0
248,darianrojasc,D A R I A NR O J A S,30.7M,3.3M,542.4K,2.4K,440,30.7,3.3,0.5424,2400.0,440.0
249,nicolassturniolo,Nicolas Sturniolo,3.3M,2.5M,412.1K,4.4K,582,3.3,2.5,0.4121,4400.0,582.0
250,ricardogaeta_,Ricardo Gaeta,737.8K,2.1M,232K,4.9K,5.3K,0.7377999999999999,2.1,0.232,4900.0,5300.0
251,giovannibonaccinii_,G I O V A N N Iü¶ã,858.3K,2.2M,317.6K,3K,4.1K,0.8583,2.2,0.31760000000000005,3000.0,4100.0
252,girlsgeneration.official,GirlsGeneration,783.5K,2.7M,355.2K,2.9K,2.4K,0.7835,2.7,0.3552,2900.0,2400.0
253,eupereiraoficial,Eu Pereira,7.8M,3.6M,395.7K,1.3K,2.1K,7.8,3.6,0.3957,1300.0,2100.0
254,sabrinacarpenter,Sabrina Carpenter,12.6M,3.2M,346.5K,3.3K,1.2K,12.6,3.2,0.3465,3300.0,1200.0
255,leymarbrown,Leymar Brown,633.9K,2M,251.5K,2.6K,7.1K,0.6339,2.0,0.2515,2600.0,7100.0
256,ferxxo444,Feid,3.5M,3.1M,381.7K,1.5K,2.6K,3.5,3.1,0.3817,1500.0,2600.0
257,itsqcp,QCP,10.8M,3.9M,529.1K,1.4K,948,10.8,3.9,0.5291,1400.0,948.0
258,tooturnttony,Tooturnttony,17.7M,3.7M,355.5K,2.6K,1.1K,17.7,3.7,0.3555,2600.0,1100.0
259,theodortytb,THEODORT,1.5M,2.6M,563.3K,2.5K,773,1.5,2.6,0.5632999999999999,2500.0,773.0
260,drewafualo,Drew Afualo,7.7M,2M,322.1K,6.5K,977,7.7,2.0,0.3221,6500.0,977.0
261,xoang_xa,maliha,917.6K,2.1M,475K,2.9K,1.8K,0.9176,2.1,0.475,2900.0,1800.0
262,runabyte,Runa,949.4K,2.1M,573.2K,1.8K,2.2K,0.9494,2.1,0.5732,1800.0,2200.0
263,notshanebennett,Shane Bennett,2.6M,2.6M,589.4K,1.2K,1.9K,2.6,2.6,0.5893999999999999,1200.0,1900.0
264,shadisrour,Shadi Srour,2.2M,3.2M,196.4K,2.3K,5.2K,2.2,3.2,0.19640000000000002,2300.0,5200.0
265,ninonrambaud,Ninon Rambaud,123.5K,4.1M,441.5K,1.5K,1.1K,0.1235,4.1,0.4415,1500.0,1100.0
266,kyleechoi,Kylee Choi,19.8K,1.8M,483.5K,3K,2.3K,0.0198,1.8,0.4835,3000.0,2300.0
267,eljuandiduque,eljuandiduque,6.2M,1.8M,171.3K,1.5K,13.4K,6.2,1.8,0.1713,1500.0,13400.0
268,minami.0819,ü¶ÑüíôMINAMIüíôü¶Ñ,1.6M,2M,187.1K,9.7K,2.4K,1.6,2.0,0.1871,9700.0,2400.0
269,raredoodle,rare doodle,1.8M,3.2M,370.1K,2.4K,1.5K,1.8,3.2,0.37010000000000004,2400.0,1500.0
270,benyaparimm,BEN YAPARIM ! üáπüá∑,519.3K,3.6M,186.1K,1.5K,5.2K,0.5193,3.6,0.1861,1500.0,5200.0
271,thehypehouse,The Hype House,21.1M,3.2M,441.7K,2.7K,523,21.1,3.2,0.4417,2700.0,523.0
272,livvy,Olivia Dunne,5.9M,3.1M,397.9K,2.3K,1.4K,5.9,3.1,0.3979,2300.0,1400.0
273,choega,BEDDY,5.5M,2.1M,348.2K,4.1K,2K,5.5,2.1,0.3482,4100.0,2000.0
274,cerenyaldz,Ceren Yaldƒ±z,9.4M,4.4M,184.1K,4.8K,712,9.4,4.4,0.18409999999999999,4800.0,712.0
275,miichaelltran,Michael,6.5M,2.5M,442.7K,2.3K,1.8K,6.5,2.5,0.4427,2300.0,1800.0
276,dunkmvp,DunkMVP,3.5M,3.5M,405.7K,1.4K,1.8K,3.5,3.5,0.4057,1400.0,1800.0
277,jimena.jimenezr,Jimena,24.2M,3.3M,521.1K,959,1.6K,24.2,3.3,0.5211,959.0,1600.0
278,tangozilla,TANGOZILLA,280K,2.2M,467.5K,1.3K,3K,0.28,2.2,0.4675,1300.0,3000.0
279,melfouad,Melfouad,1.3M,2.4M,209.4K,2.1K,6.6K,1.3,2.4,0.2094,2100.0,6600.0
280,t22felton,Tom Felton,10.1M,2.8M,303.5K,3.1K,2K,10.1,2.8,0.3035,3100.0,2000.0
281,bu_kre_sabi,Bu Kre Sabi‚ÅâÔ∏è,472.4K,5.1M,255.2K,659,2.6K,0.4724,5.1,0.2552,659.0,2600.0
282,lucasvarelaaaa,Lucas varela,2.9M,2M,282K,810,6.7K,2.9,2.0,0.282,810.0,6700.0
283,mndiaye_97,mndiaye_97,15.1M,2.2M,443.7K,2.5K,1.9K,15.1,2.2,0.4437,2500.0,1900.0
284,jessechrisss,Jess,3.5M,8.9M,471K,775,223,3.5,8.9,0.471,775.0,223.0
285,n.vv3,ŸÜÿßÿµÿ± || üá∏üá¶ alsubaie,4M,2.9M,149.6K,2.3K,7.4K,4.0,2.9,0.14959999999999998,2300.0,7400.0
286,tammyhembrow,Tammy Hembrow,1.7M,3.8M,429.5K,1.3K,1.3K,1.7,3.8,0.4295,1300.0,1300.0
287,jackjos3ph,Jack Joseph,3.2M,2.1M,323.1K,2.5K,3.8K,3.2,2.1,0.3231,2500.0,3800.0
288,paulo_victormelo2,Paulo Victor Melo,2.2M,4.7M,447.9K,815,1.2K,2.2,4.7,0.44789999999999996,815.0,1200.0
289,phatnail,L√™ ƒê·∫°i Ph√°t ü•ë,1.4M,3.3M,333.9K,3.2K,583,1.4,3.3,0.3339,3200.0,583.0
290,straykids_japan,straykids_japan,8.1M,1M,344.9K,7.6K,3.9K,8.1,1.0,0.3449,7600.0,3900.0
291,fwm.kalebb,Kaleb,1.6M,2M,306.4K,4.5K,2.3K,1.6,2.0,0.30639999999999995,4500.0,2300.0
292,cookiepuentee,Cookie Puenteüç™,686.1K,1.4M,336.8K,1.8K,6.6K,0.6861,1.4,0.3368,1800.0,6600.0
293,andy.and.michelle,Andy & Michelle,5M,2.6M,336.3K,1.4K,3.4K,5.0,2.6,0.3363,1400.0,3400.0
294,elpelaromerook,Gonzalo Romero,1.5M,1.4M,161.5K,696,17.2K,1.5,1.4,0.1615,696.0,17200.0
295,leaelui,Lea Elui,17.3M,3.9M,596.4K,654,1.1K,17.3,3.9,0.5963999999999999,654.0,1100.0
296,zeinabharake,Zeinab Harake,14.4M,3.5M,492.1K,1.7K,673,14.4,3.5,0.49210000000000004,1700.0,673.0
297,augustogimenez,AugustoGimenez,13.5M,4.1M,608.8K,1K,605,13.5,4.1,0.6088,1000.0,605.0
298,thefashioncouple,BUCKS&JANINA,3.6M,3.1M,189K,6.6K,303,3.6,3.1,0.189,6600.0,303.0
299,ria_d3miri,ria_d3miri,3.1M,2.3M,270.9K,4.9K,1.5K,3.1,2.3,0.2709,4900.0,1500.0
300,brittikitty,Brittany & Lily,13.5M,3.1M,433.3K,1.2K,1.7K,13.5,3.1,0.4333,1200.0,1700.0
301,mieayamthebstt,Unaaüçú,16.2M,3.5M,275.5K,2.5K,1.5K,16.2,3.5,0.2755,2500.0,1500.0
302,cryingben,benoftheyear,1.6M,2M,442K,3.7K,764,1.6,2.0,0.442,3700.0,764.0
303,keniaos,KeniaOs,15.4M,2M,341.8K,4.1K,1.5K,15.4,2.0,0.3418,4100.0,1500.0
304,okunonolife,nono,839.7K,3M,318.2K,1K,2.9K,0.8397,3.0,0.3182,1000.0,2900.0
305,camxnie,Cam & Nie,3.5M,1.9M,323.6K,1K,5.3K,3.5,1.9,0.3236,1000.0,5300.0
306,loewhaley,Laura,2.7M,2.5M,211.2K,1K,6.1K,2.7,2.5,0.2112,1000.0,6100.0
307,vicblends,VicBlends,13.2M,2.7M,523.9K,1.8K,836,13.2,2.7,0.5239,1800.0,836.0
308,meganfitton6,user3892932795857,8.7K,2M,315.3K,1.6K,4.4K,0.0087,2.0,0.3153,1600.0,4400.0
309,renpc_,‚ú®Ren PC‚ú®,4.8M,1.6M,339.3K,1.6K,5.3K,4.8,1.6,0.3393,1600.0,5300.0
310,christophersturniolo,Christopher Sturniolo,2.7M,1.6M,361.2K,5K,1.3K,2.7,1.6,0.36119999999999997,5000.0,1300.0
311,snoopdogg,Snoop Dogg,23.4M,3.7M,168.1K,2.7K,3.3K,23.4,3.7,0.1681,2700.0,3300.0
312,mdmotivator,Zachery Dereniowski,10.7M,3M,424.9K,1.8K,1K,10.7,3.0,0.4249,1800.0,1000.0
313,naimdarrechi,Naim DarrechiüèÜ,28.1M,2.3M,228.4K,1.1K,6K,28.1,2.3,0.2284,1100.0,6000.0
314,iamsungstarwin,Sungstarwin,2.2M,4.7M,651.9K,653,532,2.2,4.7,0.6518999999999999,653.0,532.0
315,kopke613,kopke613,4M,1.6M,222.1K,3.3K,6.9K,4.0,1.6,0.2221,3300.0,6900.0
316,esen_alva,Esen,4.4M,1.6M,328.2K,1.1K,5.8K,4.4,1.6,0.3282,1100.0,5800.0
317,grillervm,GrillerVM,3.1M,2.5M,371.2K,1.3K,2.6K,3.1,2.5,0.3712,1300.0,2600.0
318,jerellware,jerell ware,95.8K,2.2M,433.9K,1.5K,2.3K,0.0958,2.2,0.43389999999999995,1500.0,2300.0
319,jimmydarts,Jimmy Darts,8.9M,2.6M,506K,2.1K,643,8.9,2.6,0.506,2100.0,643.0
320,vienvibi_899,Vi√™n Vibi,7.5M,4M,375.8K,2K,394,7.5,4.0,0.3758,2000.0,394.0
321,noguidnce,NO GUIDNCE,2.2M,2.2M,430.6K,2.1K,1.8K,2.2,2.2,0.43060000000000004,2100.0,1800.0
322,lachama4_ff,LA CHAMA ·¥∞,9.6M,2.7M,363K,3.4K,318,9.6,2.7,0.363,3400.0,318.0
323,sonrixs_,Sonrixs,13.7M,4M,534.4K,1K,642,13.7,4.0,0.5344,1000.0,642.0
324,vincentgiganteee,Vincent Gigante,2.3M,2.1M,300.9K,1.6K,3.9K,2.3,2.1,0.3009,1600.0,3900.0
325,jerofreixas,jerofreixas,1.4M,1.9M,184.9K,1.4K,8.7K,1.4,1.9,0.1849,1400.0,8700.0
326,madamsoniia,Madam Sonia,3.6M,6.4M,474.6K,635,509,3.6,6.4,0.4746,635.0,509.0
327,cznburak,cznburak,63.6M,4.6M,228.4K,2.3K,978,63.6,4.6,0.2284,2300.0,978.0
328,la.maraaa,LA MARA,7.3M,2.9M,376.9K,2.2K,904,7.3,2.9,0.37689999999999996,2200.0,904.0
329,louvoresgospelbr,louvoresgospelbr,1.3M,1.9M,221.3K,1.1K,6.9K,1.3,1.9,0.22130000000000002,1100.0,6900.0
330,rucenuenda1,Ruce Nuenda,2.1M,3.3M,490.6K,1.5K,554,2.1,3.3,0.49060000000000004,1500.0,554.0
331,nourmar5,nourmar5,14.6M,1.8M,136.9K,4.8K,8.8K,14.6,1.8,0.1369,4800.0,8800.0
332,bebopandbebe,BebopandBebe,750.4K,3.3M,127.2K,7.6K,354,0.7504,3.3,0.1272,7600.0,354.0
333,daniimolalaa,Ladaniuu,499.9K,2.4M,586.5K,998,1.3K,0.49989999999999996,2.4,0.5865,998.0,1300.0
334,jaimeonod,Telma,1.8M,2M,296.1K,3.8K,1.8K,1.8,2.0,0.29610000000000003,3800.0,1800.0
335,starirawan,ssssttttaaaarrrr,550.3K,1.8M,177.3K,8.6K,1.8K,0.5502999999999999,1.8,0.1773,8600.0,1800.0
336,patriotickenny,patriotickenny,2.3M,2.1M,292.9K,2K,3.3K,2.3,2.1,0.2929,2000.0,3300.0
337,xxlechuga,Daniel Lechuga,5.3M,2.2M,476.1K,1.2K,1.9K,5.3,2.2,0.4761,1200.0,1900.0
338,manhtienkhoi_,M·∫°nh Ti·∫øn Kh√¥i üêØ,4.6M,3M,276.4K,2.6K,1.3K,4.6,3.0,0.2764,2600.0,1300.0
339,itsjojosiwa,JoJo Siwa,43.5M,4.2M,422K,1.4K,399,43.5,4.2,0.422,1400.0,399.0
340,ajkhiphop,kelil,36.5K,4.6M,670.6K,686,355,0.0365,4.6,0.6706,686.0,355.0
341,ustazebitlew,Ebit Lew,4.1M,1.9M,156.3K,6.3K,4.4K,4.1,1.9,0.15630000000000002,6300.0,4400.0
342,cedricgrolet,Cedric Grolet,1.3M,3.3M,251.8K,1.1K,2.7K,1.3,3.3,0.2518,1100.0,2700.0
343,danythegaggio,Daniele Cabras,3.2M,2M,217.2K,2.3K,5.2K,3.2,2.0,0.21719999999999998,2300.0,5200.0
344,dylanpage.ning,Dylan Page,3.1M,1.6M,239.4K,5.4K,3K,3.1,1.6,0.2394,5400.0,3000.0
345,mastermind_ph,Mastermind PH,2.1M,2.6M,273K,2.1K,2.3K,2.1,2.6,0.273,2100.0,2300.0
346,maluborgesm,MALU BORGES,2.9M,1.9M,280.4K,4.8K,1K,2.9,1.9,0.2804,4800.0,1000.0
347,vito.video,Vito üåçüö¥‚Äç‚ôÇÔ∏è,1.9M,2.2M,340K,2K,2.2K,1.9,2.2,0.34,2000.0,2200.0
348,frnzlynfby,Feby,3.7M,1.9M,361K,2.6K,2K,3.7,1.9,0.361,2600.0,2000.0
349,carolvillanes,Carol Villanes,6.3M,2M,294.7K,4.8K,467,6.3,2.0,0.29469999999999996,4800.0,467.0
350,mariabecerra_22,Maria Becerra,8.3M,2.7M,388.3K,2.2K,712,8.3,2.7,0.38830000000000003,2200.0,712.0
351,onerepublic,OneRepublic,691.7K,2.8M,323K,955,2.5K,0.6917000000000001,2.8,0.323,955.0,2500.0
352,ngikuttrendaja,Ahmad Rizki,192.8K,3.7M,304.5K,1.5K,1.2K,0.1928,3.7,0.3045,1500.0,1200.0
353,flickerspark_,flickerspark_,1.2M,2.1M,516.8K,1.4K,1.5K,1.2,2.1,0.5167999999999999,1400.0,1500.0
354,cvsthetico,cvstage,168.2K,2.3M,313.1K,2.5K,1.8K,0.1682,2.3,0.31310000000000004,2500.0,1800.0
355,yahia_x,Ÿäÿ≠ŸäŸâ ÿßŸÑÿ≤ÿπÿ®Ÿä,2.2M,4M,189.9K,1K,3.1K,2.2,4.0,0.1899,1000.0,3100.0
356,jennialarcon_,Jenni Alarcon,3.1M,2M,348.4K,2.5K,1.9K,3.1,2.0,0.3484,2500.0,1900.0
357,airiiqtieeee,inoue`,53.1K,1.8M,321.3K,2.7K,2.6K,0.0531,1.8,0.32130000000000003,2700.0,2600.0
358,officialsunnydaze,SUNNY DAZE,1.6M,3.1M,495.3K,844,1.2K,1.6,3.1,0.4953,844.0,1200.0
359,los_chicaneros,Los_chicaneros,3.7M,1.9M,218.2K,1.2K,6.1K,3.7,1.9,0.21819999999999998,1200.0,6100.0
360,videoschapin,VideosChapin,56K,2.9M,78.8K,2.7K,10.6K,0.056,2.9,0.0788,2700.0,10600.0
361,wuesilva,Wue Silva,13.1M,4.1M,283.4K,1.2K,1.4K,13.1,4.1,0.2834,1200.0,1400.0
362,ladygaga,ladygaga,7.6M,1.9M,247.5K,4.4K,2K,7.6,1.9,0.2475,4400.0,2000.0
363,cx_.q,ŸÖÿµÿ∑ŸÅŸâ ÿßŸÑÿ®ÿµÿ±ÿßŸàŸä 62,3.3M,3.1M,254K,2.3K,1.5K,3.3,3.1,0.254,2300.0,1500.0
364,mitsy270,mitsy,2.3M,1.9M,338.3K,2.7K,2.1K,2.3,1.9,0.3383,2700.0,2100.0
365,ayesebastien,Sebastien,7.2M,2M,396.5K,2.1K,1.8K,7.2,2.0,0.3965,2100.0,1800.0
366,karljacobs,Karl,11.2M,1.9M,486.5K,2.6K,563,11.2,1.9,0.4865,2600.0,563.0
367,liltjay,Lil Tjay,5.2M,1.9M,291.9K,3.9K,1.4K,5.2,1.9,0.2919,3900.0,1400.0
368,irenehsuu,Irene,98.6K,1.4M,401.7K,1.3K,3.9K,0.0986,1.4,0.4017,1300.0,3900.0
369,doctormiguelpadilla,Doctor Miguel,5.9M,2.1M,321.7K,1.7K,2.6K,5.9,2.1,0.3217,1700.0,2600.0
370,jacobday,Jacob Day,5.6M,1.8M,296.6K,4.4K,1K,5.6,1.8,0.29660000000000003,4400.0,1000.0
371,louflores_,Lou flores,2.8M,2.2M,237.1K,842,4.7K,2.8,2.2,0.2371,842.0,4700.0
372,pakoyaso_,Pakoyaso,12.8M,3.2M,282.6K,1.2K,2K,12.8,3.2,0.2826,1200.0,2000.0
373,ella.tchella,Tchella,2M,1.6M,381.6K,1.5K,3.4K,2.0,1.6,0.38160000000000005,1500.0,3400.0
374,nashvibes,NashVibes Art,3.7M,4.4M,365.5K,1.3K,493,3.7,4.4,0.3655,1300.0,493.0
375,jamesdroz566,jamesdroz5661,103.4K,1.9M,155.4K,2.2K,7.4K,0.1034,1.9,0.1554,2200.0,7400.0
376,egyptianbeaman,egyptianbeaman,872.4K,2.2M,80.5K,1.7K,14.2K,0.8724,2.2,0.0805,1700.0,14200.0
377,mattiastanga,Mattia Stanga,2.7M,1.5M,213.4K,1.4K,7.4K,2.7,1.5,0.2134,1400.0,7400.0
378,gorillaz,Gorillaz,2.3M,1.8M,340.9K,2.8K,1.7K,2.3,1.8,0.3409,2800.0,1700.0
379,lonely.moods,:),354.5K,815.5K,214K,5.4K,10.6K,0.3545,0.8155,0.214,5400.0,10600.0
380,rayanfahmi,Rayoon,3.7M,2.9M,235.9K,2.8K,1.2K,3.7,2.9,0.2359,2800.0,1200.0
381,melmaia,Mel Maia üçØ,11.8M,3.5M,473.9K,988,662,11.8,3.5,0.4739,988.0,662.0
382,vietduongg_,Viet,161.2K,1.2M,129.7K,12.7K,4.8K,0.16119999999999998,1.2,0.12969999999999998,12700.0,4800.0
383,leen_mohd98,LEENüå∏,3.8M,2.9M,190.1K,2.7K,2.3K,3.8,2.9,0.1901,2700.0,2300.0
384,jubiandxian,jubiandxian,5.7M,2.5M,396.2K,1.8K,934,5.7,2.5,0.3962,1800.0,934.0
385,adrianbliss,Adrian Bliss,7.3M,2.3M,413.3K,1.1K,1.7K,7.3,2.3,0.4133,1100.0,1700.0
386,dxddy._.desi,Desiree Montoya‚ù§Ô∏è,2.9M,1.9M,250.8K,4.9K,764,2.9,1.9,0.2508,4900.0,764.0
387,frankielapenna,Frankie LaPenna,4.8M,2.7M,295.2K,1.4K,2K,4.8,2.7,0.29519999999999996,1400.0,2000.0
388,xxxten1369,XXXTENTACION,3.7M,2.8M,335.1K,1K,1.8K,3.7,2.8,0.3351,1000.0,1800.0
389,softbulletgun97,Tik Toker,1.3M,2.3M,188.3K,2.2K,4.1K,1.3,2.3,0.18830000000000002,2200.0,4100.0
390,katiessigmond,katie sigmond,6.9M,2.9M,340K,1.1K,1.6K,6.9,2.9,0.34,1100.0,1600.0
391,nnatalieaguilar,natalie & the aguilars,4.9M,3.4M,558.8K,568,825,4.9,3.4,0.5588,568.0,825.0
392,elchimbatv,EL CHIMBA,3.3M,3M,285.2K,773,2.4K,3.3,3.0,0.2852,773.0,2400.0
393,deiveleonardooficial,Deive Leonardo,6.1M,1.3M,139.3K,370,14.2K,6.1,1.3,0.1393,370.0,14200.0
394,vitoou,vito‚Ä¢_‚Ä¢,52.4K,1M,179.3K,3.3K,10.9K,0.052399999999999995,1.0,0.17930000000000001,3300.0,10900.0
395,twice_tiktok_official,TWICE,17.9M,1.3M,325.5K,3.7K,2.5K,17.9,1.3,0.3255,3700.0,2500.0
396,christilukasiak0,Christilukasiak,2.3M,2.3M,369.3K,1.8K,1.2K,2.3,2.3,0.3693,1800.0,1200.0
397,katiavlogss,KATIAVLOGSüêí,14.5M,3.4M,274.4K,2.6K,294,14.5,3.4,0.2744,2600.0,294.0
398,nhu_y1203,Nguy·ªÖn Ng·ªçc Nh∆∞ √ùüê∞,690.2K,2.6M,239.8K,4K,205,0.6902,2.6,0.2398,4000.0,205.0
399,jidion,JiDion,4.2M,1.9M,412.5K,2K,1.3K,4.2,1.9,0.4125,2000.0,1300.0
400,lifeofsal,Sal,614.3K,2.4M,166.2K,1.2K,5.4K,0.6143,2.4,0.1662,1200.0,5400.0
401,nikkietutorials,nikkietutorials,6.2M,3.2M,498K,1.1K,538,6.2,3.2,0.498,1100.0,538.0
402,ivanovik.83,ivanovik.1983,172.7K,2.3M,91.5K,1.1K,11.1K,0.1727,2.3,0.0915,1100.0,11100.0
403,erictro,Eric Tro,4.5M,5.6M,547.4K,507,330,4.5,5.6,0.5474,507.0,330.0
404,virginiafonseca,Virginia,34.1M,3M,410.9K,1.2K,961,34.1,3.0,0.4109,1200.0,961.0
405,paigetaylor.s,Paige Taylor,4.5M,2.6M,393.3K,1.9K,546,4.5,2.6,0.39330000000000004,1900.0,546.0
406,thecoreyb,Corey B,8.8M,1.5M,194.2K,755,8.3K,8.8,1.5,0.19419999999999998,755.0,8300.0
407,carolcastromx,Carol Castro,12.7M,3.4M,450K,1.3K,379,12.7,3.4,0.45,1300.0,379.0
408,ianlucasok,Ian Lucas,4.5M,2.4M,262.9K,3.3K,830,4.5,2.4,0.26289999999999997,3300.0,830.0
409,voronina_valeria_,Valeria Voronina,2.3M,3.7M,460.4K,1.1K,334,2.3,3.7,0.4604,1100.0,334.0
410,pacodemiguel,Paco De Miguel,6.8M,1.5M,229.6K,1.9K,5.4K,6.8,1.5,0.2296,1900.0,5400.0
411,joshrichards,Josh Richards,25.6M,2.7M,354K,1.9K,737,25.6,2.7,0.354,1900.0,737.0
412,surasak1437,s ·¥ú  Ä ·¥Ä s ·¥Ä ·¥ã,1.1M,1.8M,188.5K,463,7K,1.1,1.8,0.1885,463.0,7000.0
413,com.yuta0305,„Äê„Ç≥„É†„Éâ„ÉÉ„Éà„Äë„ÇÜ„ÅÜ„Åü,1.2M,1.7M,225.6K,4.7K,1.9K,1.2,1.7,0.2256,4700.0,1900.0
414,ayutingting,Ayu Ting Ting,7.2M,2.9M,239.2K,1.5K,2.1K,7.2,2.9,0.2392,1500.0,2100.0
415,yahayraosorio,Yahayra Osorio,372.6K,2.2M,67.7K,1.1K,15.7K,0.37260000000000004,2.2,0.0677,1100.0,15700.0
416,tina_042,ùíØùíæùìÉùí∂,795K,1.8M,314K,2K,2.4K,0.795,1.8,0.314,2000.0,2400.0
417,abosaed49,ÿßÿ®Ÿà ÿ≥ÿπŸäÿØ,661.4K,2.1M,169.4K,3.1K,3.9K,0.6614,2.1,0.1694,3100.0,3900.0
418,theestallion,Megan Thee Stallion,12.2M,2.1M,277.2K,2.3K,2K,12.2,2.1,0.2772,2300.0,2000.0
419,musdalifahbasrii,Musdalifah Basri,1.3M,2.2M,190.2K,3.4K,2.6K,1.3,2.2,0.19019999999999998,3400.0,2600.0
420,haileybieber,Hailey Bieber,9.8M,3.5M,342.6K,1.2K,845,9.8,3.5,0.3426,1200.0,845.0
421,dialaaljazairi,dialaaljazairi,198.7K,4M,113.2K,3.1K,2.4K,0.1987,4.0,0.11320000000000001,3100.0,2400.0
422,chihuahuapeaches,Peaches The Chi,295.2K,1.5M,296.7K,2K,3.6K,0.29519999999999996,1.5,0.29669999999999996,2000.0,3600.0
423,brunocampos,Bruno Campos,5.2M,5.4M,360.6K,626,619,5.2,5.4,0.36060000000000003,626.0,619.0
424,isaac.h.p.karaoke.backup,Isaac H.P Karaoke Backup,1.6M,1.3M,265.6K,3.2K,3.8K,1.6,1.3,0.2656,3200.0,3800.0
425,rafaelsantos,Rafael Santos,18.5M,2.5M,398.2K,1.8K,645,18.5,2.5,0.3982,1800.0,645.0
426,happytummy_702,Suzy,731.3K,2.2M,396.7K,288,2.5K,0.7313,2.2,0.3967,288.0,2500.0
427,gemelasabello2,Gemelas Abello,17.9M,5M,376.2K,478,813,17.9,5.0,0.3762,478.0,813.0
428,douhalaribiii,Douha laribii,7.7M,4.1M,240.4K,1.6K,823,7.7,4.1,0.2404,1600.0,823.0
429,itzyofficial,ITZY,9.7M,1.7M,314.6K,3K,1.6K,9.7,1.7,0.31460000000000005,3000.0,1600.0
430,twinkle.t1ts,rylee,803.5K,3.7M,281.5K,2K,302,0.8035,3.7,0.2815,2000.0,302.0
431,murphslife,Aaron Murphy,5.7M,1.8M,279.5K,2.8K,2.1K,5.7,1.8,0.2795,2800.0,2100.0
432,tai.tl2,tai_tl,832.3K,1.9M,316.9K,1.6K,2.5K,0.8322999999999999,1.9,0.31689999999999996,1600.0,2500.0
433,vibin.wit.tay,Tay,4.1M,1.5M,295.9K,1.2K,4.4K,4.1,1.5,0.2959,1200.0,4400.0
434,leleburnier,LEL√ä BURNIER,2.4M,1.6M,387.6K,2.9K,910,2.4,1.6,0.3876,2900.0,910.0
435,ae_ay__99,ÿ£Ÿäÿ© ÿßŸÑÿ¥ŸÖÿ±ŸäüíôüêÜ,1.5M,3.2M,162K,1.3K,3.2K,1.5,3.2,0.162,1300.0,3200.0
436,maddzak,Maddzak,4.9M,3.3M,191K,3.5K,227,4.9,3.3,0.191,3500.0,227.0
437,nianaguerrero,Niana Guerrero,33.2M,3.1M,358.5K,1.5K,684,33.2,3.1,0.3585,1500.0,684.0
438,cardncyn,Carddd,3.8M,3.9M,541.9K,801,318,3.8,3.9,0.5418999999999999,801.0,318.0
439,soy_marcela4,Soy_marcela,4.5M,2.1M,336.6K,710,2.6K,4.5,2.1,0.3366,710.0,2600.0
440,cr.limit,YT- CR Limit,40.4K,2.8M,189.8K,2.4K,1.9K,0.0404,2.8,0.18980000000000002,2400.0,1900.0
441,logfive,Logan,2.5M,2.1M,313.5K,1.2K,2.3K,2.5,2.1,0.3135,1200.0,2300.0
442,katie34556,katie65886,67.6K,2.2M,149.1K,7.1K,122,0.0676,2.2,0.14909999999999998,7100.0,122.0
443,hesfinatia,PINATüçÖ|| IG: @hesfinatia,8.9M,4.6M,434K,772,377,8.9,4.6,0.434,772.0,377.0
444,samdabaddest,Samaria,312.4K,1.5M,369.8K,836,3.3K,0.31239999999999996,1.5,0.3698,836.0,3300.0
445,palmertrolls,Ben Palmer,3.4M,2M,327.8K,884,2.7K,3.4,2.0,0.32780000000000004,884.0,2700.0
446,benorsini,Ben Orsini üëë,543.8K,2.2M,293.3K,2.8K,718,0.5438,2.2,0.2933,2800.0,718.0
447,vzelivx,vzelivx,731.3K,2.1M,271.2K,2.6K,1.3K,0.7313,2.1,0.2712,2600.0,1300.0
448,cassy.legaspi,CASSY LEGASPI,5.8M,3.7M,369.7K,1K,590,5.8,3.7,0.3697,1000.0,590.0
449,kwo.owk,KWOOWK,2.6M,2M,268.2K,2K,2.2K,2.6,2.0,0.2682,2000.0,2200.0
450,abbieherbert,AbbieHerbert,13.8M,3.7M,400.7K,917,581,13.8,3.7,0.4007,917.0,581.0
451,lyricoo__, ü è Ä…™·¥Ñ·¥è·¥è,1.2M,1.3M,165.7K,1.7K,8.6K,1.2,1.3,0.1657,1700.0,8600.0
452,mateus_hwang,Mateus Hwang,1.9M,1.9M,136.8K,5.8K,2.6K,1.9,1.9,0.1368,5800.0,2600.0
453,bswagggy,shaggy,16.8K,1.2M,294.6K,1.3K,5.1K,0.016800000000000002,1.2,0.29460000000000003,1300.0,5100.0
454,talalionaire,ÿ∑ŸÑÿßŸÑŸäŸàŸÜŸäÿ±,905.6K,2.9M,195.1K,2K,1.8K,0.9056000000000001,2.9,0.1951,2000.0,1800.0
455,bigweirdworld,bigweirdworld,1.5M,1.1M,304.2K,2K,4.5K,1.5,1.1,0.30419999999999997,2000.0,4500.0
456,yurielkysojeda,Yurielkys Ojeda üï∑,14.8M,2.2M,277.3K,1.3K,2.3K,14.8,2.2,0.2773,1300.0,2300.0
457,cemresolmaz,cemre solmaz,10.4M,2M,137K,6.2K,1.7K,10.4,2.0,0.137,6200.0,1700.0
458,mrwhosetheboss,Arun Maini,1.5M,3.8M,447.5K,964,300,1.5,3.8,0.4475,964.0,300.0
459,kjsmoothh,Kjsmoothh,2.5M,1.8M,254.4K,2.9K,1.8K,2.5,1.8,0.2544,2900.0,1800.0
460,juaniquilador,JuanSGuarnizo,10.5M,2M,364.9K,1.8K,1.1K,10.5,2.0,0.3649,1800.0,1100.0
461,itsmenicksmithy,Nick Smithyman ü§ì,7.9M,2.2M,305.5K,1.7K,1.4K,7.9,2.2,0.3055,1700.0,1400.0
462,khalidzain124,ÿÆÿßŸÑÿØ ÿ≤ŸäŸÜ,1.7M,2.6M,223.9K,1.6K,2K,1.7,2.6,0.22390000000000002,1600.0,2000.0
463,colewherld,colegonzales,5.3M,2.9M,277.1K,977,1.6K,5.3,2.9,0.2771,977.0,1600.0
464,000072mr,La beba,341.3K,2M,283.2K,1.2K,2.4K,0.3413,2.0,0.2832,1200.0,2400.0
465,ksi,KSI,9.8M,2.5M,178.6K,4.4K,178,9.8,2.5,0.17859999999999998,4400.0,178.0
466,alexojeda,Alex Ojeda üá≤üáΩ,8.1M,2.6M,272.6K,802,2.2K,8.1,2.6,0.2726,802.0,2200.0
467,j3ipy_,Jeipy,8.2M,1.7M,354.4K,2.3K,1.1K,8.2,1.7,0.3544,2300.0,1100.0
468,louuuyoung,louuuyoung,709.7K,872.9K,137.9K,4.4K,12.6K,0.7097,0.8729,0.1379,4400.0,12600.0
469,arafat.buffon,ü¶Öüåëÿπÿ±ŸÅÿßÿ™ ÿ®ŸàŸÅŸàŸÜüåëü¶Ö,1.4M,4.3M,246.7K,460,1.5K,1.4,4.3,0.24669999999999997,460.0,1500.0
470,reem_alsawas,ÿ±ŸäŸÖ ÿßŸÑÿ≥Ÿàÿßÿ≥,1.9M,3.9M,162.3K,1.1K,2.1K,1.9,3.9,0.1623,1100.0,2100.0
471,ahmedksontini2,Ahmed Ksontini,643.3K,2.1M,77K,0,12.6K,0.6433,2.1,0.077,0.0,12600.0
472,mostafa.ashraf14,Mostafa Ashraf,1.7M,2.8M,268K,1.2K,1.5K,1.7,2.8,0.268,1200.0,1500.0
473,arigameplays,AriGameplays,23.2M,2.8M,320.7K,1.4K,867,23.2,2.8,0.3207,1400.0,867.0
474,bela,Bela,8.8M,2.7M,390.7K,936,982,8.8,2.7,0.3907,936.0,982.0
475,senaitalo,italosenaoficial,2.6M,2.1M,198.8K,1.5K,3.3K,2.6,2.1,0.1988,1500.0,3300.0
476,kozuehayashii,Kozue,7M,2.6M,466.2K,370,1.3K,7.0,2.6,0.4662,370.0,1300.0
477,elrodcontreras,RODü´†,41.6M,2M,254.5K,3.5K,413,41.6,2.0,0.2545,3500.0,413.0
478,kwechi_,Kwes,377.9K,1.6M,283.3K,1.5K,2.8K,0.37789999999999996,1.6,0.2833,1500.0,2800.0
479,5ifvi,ùôèùôÉùôÄ ùòøùòºùôçùôÜ ùôéùôÑùòøùôÄ,1.4M,2.4M,199K,410,3.7K,1.4,2.4,0.199,410.0,3700.0
480,druskitv,DRUSKI,3.7M,1.3M,241K,1.3K,4.9K,3.7,1.3,0.241,1300.0,4900.0
481,dearra,De‚Äôarra Taylor,3.7M,2.5M,458.4K,792,923,3.7,2.5,0.4584,792.0,923.0
482,briggi_bozzo,Briggitte Bozzo,23.9M,5.2M,361.9K,787,245,23.9,5.2,0.3619,787.0,245.0
483,flavinhalouise,Flavinhalouise,12.2M,3.2M,167.7K,709,2.8K,12.2,3.2,0.1677,709.0,2800.0
484,pailita.k7k,Pailita,1.2M,1.6M,257.4K,2.7K,2.1K,1.2,1.6,0.25739999999999996,2700.0,2100.0
485,itskingchris,KingChristian,17.2M,1.6M,299.7K,2.8K,1.3K,17.2,1.6,0.29969999999999997,2800.0,1300.0
486,mikaylanogueira,Mikayla Nogueira,13.5M,2.2M,320.3K,2.3K,411,13.5,2.2,0.32030000000000003,2300.0,411.0
487,rdcworld1,Mark Phillips,3.1M,1M,227.6K,1.2K,6.7K,3.1,1.0,0.2276,1200.0,6700.0
488,charlieputh,Charlie Puth,19M,2M,324.8K,1.9K,937,19.0,2.0,0.32480000000000003,1900.0,937.0
489,bikedasher,BikeDasher,4.3M,2.5M,398K,1.5K,407,4.3,2.5,0.398,1500.0,407.0
490,jonata_26,Jonataü§©,5.9M,1.9M,319.6K,646,2.5K,5.9,1.9,0.3196,646.0,2500.0
491,devincaherly,Devin Caherly,8.5M,4M,444.9K,894,147,8.5,4.0,0.44489999999999996,894.0,147.0
492,basementgang,Basement Gang,5.7M,1.4M,296K,1.5K,2.9K,5.7,1.4,0.296,1500.0,2900.0
493,soysaucer,fivar,1M,2M,272.8K,790,2.7K,1.0,2.0,0.2728,790.0,2700.0
494,abo.zizo,€©‚ô•€© ÿπÿßÿ¶ŸÑÿ© ÿßÿ®Ÿà ÿ≤Ÿäÿ≤Ÿà €©‚ô•€©,4.7M,3.7M,225.3K,723,1.5K,4.7,3.7,0.2253,723.0,1500.0
495,spriteder_spd,Prite Netijen Netirattanapaiboon,4.1M,3.6M,434.9K,845,334,4.1,3.6,0.43489999999999995,845.0,334.0
496,ugolord,‚öñÔ∏è The TikTok Attorney ‚öñÔ∏è,6.3M,1.9M,186K,4.9K,369,6.3,1.9,0.186,4900.0,369.0
497,iamkailan,KAILAN üíöüíõ,3.9M,2.4M,219.9K,1.3K,2.2K,3.9,2.4,0.2199,1300.0,2200.0
498,lorengray,Loren Gray,54.6M,3.1M,358.7K,879,761,54.6,3.1,0.35869999999999996,879.0,761.0
499,daniuniverse,Dani Universe,9.7M,3.1M,322K,956,867,9.7,3.1,0.322,956.0,867.0
500,ser_jay,Hello It‚Äôs me SerJay,5.3M,1.4M,226.2K,2.5K,3.5K,5.3,1.4,0.22619999999999998,2500.0,3500.0
501,alexwaarren,Alex warren,15.5M,2.4M,419.8K,992,809,15.5,2.4,0.4198,992.0,809.0
502,lkzinhu,LK,17.2M,2.6M,306.5K,998,1.3K,17.2,2.6,0.3065,998.0,1300.0
503,joaoferdnan,Jo√£o Ferdnan,8.1M,1.7M,173.5K,2.1K,4K,8.1,1.7,0.1735,2100.0,4000.0
504,taossenpai,tao's senpai,635.7K,1.2M,219.6K,1.4K,5.3K,0.6357,1.2,0.2196,1400.0,5300.0
505,isaach.p,Isaac H.P,3.1M,1.4M,217.2K,3.5K,2.3K,3.1,1.4,0.21719999999999998,3500.0,2300.0
506,maddy.leah3,Not me,246.2K,2M,196.3K,4.3K,237,0.2462,2.0,0.1963,4300.0,237.0
507,jordanavucetic,jordanavucetic,2.8M,1.1M,224.2K,5.2K,2.1K,2.8,1.1,0.22419999999999998,5200.0,2100.0
508,carlevellyn,Carla Evellyn,1.7M,2M,349.6K,2K,572,1.7,2.0,0.3496,2000.0,572.0
509,chinguamiga,Chingu Amiga,20.1M,2.5M,469.4K,1.1K,377,20.1,2.5,0.4694,1100.0,377.0
510,elpugaa,Puga,9.9M,2M,220.9K,341,3.7K,9.9,2.0,0.2209,341.0,3700.0
511,reymbayang,Rey,3.4M,1.3M,253K,2K,3.4K,3.4,1.3,0.253,2000.0,3400.0
512,tommyunold,Tommy,11.3M,2.3M,317.8K,2.2K,172,11.3,2.3,0.3178,2200.0,172.0
513,adamw,Adam W,16.9M,2.4M,266.3K,915,1.8K,16.9,2.4,0.26630000000000004,915.0,1800.0
514,anna..paull,Anna Paul,5.2M,2.4M,424.7K,1.3K,375,5.2,2.4,0.42469999999999997,1300.0,375.0
515,djadelilyes,Ilyes Djadel,390K,2.1M,311.8K,1.1K,1.6K,0.39,2.1,0.3118,1100.0,1600.0
516,kronnozomberoficial,KronnoZomber,728.2K,1.4M,289.1K,2.1K,2.3K,0.7282000000000001,1.4,0.2891,2100.0,2300.0
517,outtpig,OuttPig,2.1M,1.5M,341K,1.6K,1.7K,2.1,1.5,0.341,1600.0,1700.0
518,rosssmith,Ross Smith,22.9M,1.5M,156.1K,927,6.3K,22.9,1.5,0.1561,927.0,6300.0
519,glencachysaraofficial,glenca chysara,8.1M,4.5M,212.3K,1.3K,522,8.1,4.5,0.21230000000000002,1300.0,522.0
520,pumatheweirdo,Cat Puma,2.4M,1.5M,183K,722,5.5K,2.4,1.5,0.183,722.0,5500.0
521,twinsjne,Twinsjne üçì,1.1M,2.4M,486.9K,783,665,1.1,2.4,0.4869,783.0,665.0
522,andcarli,Andcarli,11.7M,6.3M,212.2K,684,578,11.7,6.3,0.2122,684.0,578.0
523,mclivinho,Mc Livinho,4M,2.2M,312.2K,1.4K,1K,4.0,2.2,0.3122,1400.0,1000.0
524,mrmilothechonk,Erika and Milo,2.1M,1.5M,313.6K,1.3K,2.2K,2.1,1.5,0.31360000000000005,1300.0,2200.0
525,kimmigneault,Kim Migneault,7.1M,3.1M,358.7K,539,971,7.1,3.1,0.35869999999999996,539.0,971.0
526,unnecessaryinventions,Unnecessary Inventions,5.3M,2.4M,377.9K,1.4K,451,5.3,2.4,0.37789999999999996,1400.0,451.0
527,hunterprosper,Hunter Prosper,5.1M,1.7M,320.8K,1K,2.1K,5.1,1.7,0.32080000000000003,1000.0,2100.0
528,bulochkapelmen,BULOCHKAüá®üá≥üá∫üá¶,3M,2.9M,184.8K,1.9K,1.2K,3.0,2.9,0.18480000000000002,1900.0,1200.0
529,louka__m,Louka,2.5M,1.9M,354.3K,1.2K,1.4K,2.5,1.9,0.3543,1200.0,1400.0
530,folz.aa,folz.a,1.2M,1.1M,192.3K,1.8K,6K,1.2,1.1,0.1923,1800.0,6000.0
531,iloveyourmomscatt,,8.2K,1.3M,159.3K,4.9K,3.3K,0.008199999999999999,1.3,0.15930000000000002,4900.0,3300.0
532,austinandlexi,‚ö°Ô∏èAustin & Lexi üí•,4M,1.8M,332.6K,1.1K,1.7K,4.0,1.8,0.3326,1100.0,1700.0
533,lehvideira,Lethicia Videira,7.8M,903.6K,145.1K,1.7K,10.8K,7.8,0.9036000000000001,0.1451,1700.0,10800.0
534,nathalieholscher14,Nathalie Holscher,7.2M,3.5M,295.7K,936,647,7.2,3.5,0.29569999999999996,936.0,647.0
535,sa_h700,ÿµÿßŸÑÿ≠ ÿßŸÑÿ≥ÿ®Ÿäÿ±‚ú®,417.4K,2M,201.7K,1.6K,2.5K,0.4174,2.0,0.2017,1600.0,2500.0
536,ayanakamachi,‰∏≠Áî∫Á∂æ,1.5M,3M,204.2K,1.1K,1.6K,1.5,3.0,0.2042,1100.0,1600.0
537,sebasmorenooo,Sebastian Moreno üì∏,5.1M,3.3M,293.7K,1.4K,300,5.1,3.3,0.29369999999999996,1400.0,300.0
538,larrayeeee,LARRAY,26.3M,2M,351.2K,2K,364,26.3,2.0,0.3512,2000.0,364.0
539,le_general_416,tonton G üá´üá∑,2.3M,4.7M,214.7K,762,847,2.3,4.7,0.2147,762.0,847.0
540,everett,Everett Noble,10M,1.9M,441.4K,768,1.2K,10.0,1.9,0.44139999999999996,768.0,1200.0
541,mcsilsiloficial,@mcsilsiloficial,7.2M,1.6M,123.3K,2.5K,6K,7.2,1.6,0.12329999999999999,2500.0,6000.0
542,alezha.obukhov,–ê–ª–µ–∂–∞ –û–±—É—Ö–æ–≤,1.3M,2.6M,309.2K,1.1K,851,1.3,2.6,0.3092,1100.0,851.0
543,dermdoctor,DermDoctor | Dr. Shah,16.6M,3.5M,248.6K,1K,826,16.6,3.5,0.2486,1000.0,826.0
544,abbycasselberry,Abby Casselberry,1.9M,1.8M,348.3K,1K,1.6K,1.9,1.8,0.3483,1000.0,1600.0
545,annapep3,ANNA,1M,1.7M,337.1K,1.3K,1.5K,1.0,1.7,0.3371,1300.0,1500.0
546,fabru_blacutt,Fabru,18.1M,2.2M,242.9K,2.4K,562,18.1,2.2,0.2429,2400.0,562.0
547,songsforlittles,Ms Rachel,1.1M,2.6M,187.5K,1.6K,1.7K,1.1,2.6,0.1875,1600.0,1700.0
548,marktilbury,Mark Tilbury - YouTuber & CEO,7.2M,2.3M,224.5K,620,2.4K,7.2,2.3,0.2245,620.0,2400.0
549,georainbolt,georainbolt,1.2M,1.5M,247.1K,2K,2.3K,1.2,1.5,0.2471,2000.0,2300.0
550,navacarlosss,Carlos Navarro ü•á,131.3K,1.7M,98.8K,353,8.9K,0.1313,1.7,0.0988,353.0,8900.0
551,lagranjadelborrego,La granja del borrego,11.1M,3M,349.9K,919,581,11.1,3.0,0.3499,919.0,581.0
552,morimura,MoriMuraüçï,8.4M,1.5M,315.4K,1.5K,1.8K,8.4,1.5,0.31539999999999996,1500.0,1800.0
553,oliviadearlove2,olivia-2002,17.4K,3M,175.9K,1.6K,1.3K,0.0174,3.0,0.1759,1600.0,1300.0
554,eltonjohn,Elton John,2.1M,2.8M,66.8K,2K,6.2K,2.1,2.8,0.0668,2000.0,6200.0
555,conormaynard,Conor Maynard,6.8M,1.7M,160.4K,2.5K,3.1K,6.8,1.7,0.16040000000000001,2500.0,3100.0
556,duncanyounot,Duncan Joseph,4.3M,1.4M,366.5K,1.3K,1.7K,4.3,1.4,0.3665,1300.0,1700.0
557,jrizzyjeremy,jrizzyjeremy,69.1K,3.1M,225.2K,768,1.4K,0.0691,3.1,0.22519999999999998,768.0,1400.0
558,ahmadmahroom99,Ahmad Mahroom,1.3M,3.3M,143.5K,923,2.3K,1.3,3.3,0.1435,923.0,2300.0
559,avascreams,ava,705K,1.2M,372.6K,2.8K,639,0.705,1.2,0.37260000000000004,2800.0,639.0
560,erijasjas,Jasel,597.9K,1.8M,385.5K,685,1.5K,0.5979,1.8,0.3855,685.0,1500.0
561,artistliilz_,Liilz üöÄ,342.6K,1.6M,240K,2.9K,973,0.3426,1.6,0.24,2900.0,973.0
562,willian99music,·¥° 99 ·¥ç ‚òä,720.3K,1.6M,143.5K,188,6.3K,0.7202999999999999,1.6,0.1435,188.0,6300.0
563,cauamacedo,Cau√£ Macedo,11.4M,1.6M,231K,2.9K,1.1K,11.4,1.6,0.231,2900.0,1100.0
564,sabrenorris,Sabre Norris,3.6M,1.8M,186.9K,4.1K,329,3.6,1.8,0.1869,4100.0,329.0
565,youshi_maru,„ÇÜ„ÅÜ„Åó„Åæ„Çã,83.6K,1.9M,145.2K,1.1K,4.4K,0.0836,1.9,0.1452,1100.0,4400.0
566,mdrr05,üëªŸÖÿ±ŸàÿßŸÜ Ÿ±ŸÑÿ®ÿ¢ÿ™ŸÜŸäüá©üáø,3M,3M,112.6K,1.4K,2.9K,3.0,3.0,0.11259999999999999,1400.0,2900.0
567,deandreee,DeAndre,1.9M,1.9M,315.1K,826,1.6K,1.9,1.9,0.31510000000000005,826.0,1600.0
568,werenotreallystrangers,WNRS,4.4M,1.7M,329.5K,1.5K,1.2K,4.4,1.7,0.3295,1500.0,1200.0
569,poki,pokimane,6.3M,2.3M,234.8K,2.1K,667,6.3,2.3,0.2348,2100.0,667.0
570,zbor0vska,Zborovska,1.1M,1.9M,288.9K,1.4K,1.3K,1.1,1.9,0.2889,1400.0,1300.0
571,7odzz,7oda Einoüî•üòµ,4.5M,2.2M,162.7K,1.6K,2.5K,4.5,2.2,0.16269999999999998,1600.0,2500.0
572,roportajadam,Mahsun Karaca,1.1M,2.1M,125.4K,411,5.1K,1.1,2.1,0.1254,411.0,5100.0
573,nadirdearabier,Nadirdearabier,1.1M,2.1M,185.1K,3K,694,1.1,2.1,0.1851,3000.0,694.0
574,aydenmekus,AYDEN MEKUS,11.5M,2.1M,204.7K,2.9K,491,11.5,2.1,0.2047,2900.0,491.0
575,thegnshow,The Graham Norton Show,1.7M,2.9M,287.8K,421,1.3K,1.7,2.9,0.2878,421.0,1300.0
576,ladydianka,LADY BUNNYüê∞,9.1M,1.5M,189.9K,3.4K,1.6K,9.1,1.5,0.1899,3400.0,1600.0
577,skuratof,Anton Skuratov,623.2K,1.8M,151.3K,793,4.4K,0.6232000000000001,1.8,0.15130000000000002,793.0,4400.0
578,saray.____,Saray,67.9K,1.4M,85.6K,2.7K,9.4K,0.0679,1.4,0.0856,2700.0,9400.0
579,kieram.litchfield,Kieram Litchfield,2.2M,1.4M,190.8K,2.6K,2.8K,2.2,1.4,0.19080000000000003,2600.0,2800.0
580,laurence_benson,Laurence Benson,2.1M,2.9M,293K,1.4K,240,2.1,2.9,0.293,1400.0,240.0
581,mohamed.hesham.official,ŸÖÿ≠ŸÖÿØ Ÿáÿ¥ÿßŸÖ,563.5K,1.5M,43.7K,380,21.1K,0.5635,1.5,0.0437,380.0,21100.0
582,jaywheeler,Jay Wheeler,5.4M,1.6M,249.8K,856,2.7K,5.4,1.6,0.24980000000000002,856.0,2700.0
583,itsmatheuscosta,Matheus Costa,5M,1.4M,205.8K,2K,2.8K,5.0,1.4,0.2058,2000.0,2800.0
584,soanhvadiephihi,Soanh x Di·ªáp,3.1M,3.1M,328.4K,864,533,3.1,3.1,0.32839999999999997,864.0,533.0
585,roadrunnerpete,Pete 1k,72.2K,926.4K,151.6K,2K,8K,0.0722,0.9264,0.15159999999999998,2000.0,8000.0
586,danivallem,Dani Valle,4.8M,1.2M,86.3K,963,12.4K,4.8,1.2,0.0863,963.0,12400.0
587,com.hyuga1117,„Äê„Ç≥„É†„Éâ„ÉÉ„Éà„Äë „Å≤„ÇÖ„ÅÜ„Åå,1.1M,1.5M,165.8K,4.7K,993,1.1,1.5,0.1658,4700.0,993.0
588,jasonderulo,Jason Derulo,53M,6.8M,186.9K,887,194,53.0,6.8,0.1869,887.0,194.0
589,bilalfadilii,Bilal Fadili,1.3M,1.6M,190.5K,2K,2.6K,1.3,1.6,0.1905,2000.0,2600.0
590,mandrake1984real,Giuseppe Mandrake Ninno,1.3M,1.4M,170.3K,891,4.9K,1.3,1.4,0.1703,891.0,4900.0
591,kerri_okie,Kerri,3.1M,1.1M,137.3K,4.8K,4.3K,3.1,1.1,0.1373,4800.0,4300.0
592,championsleague,Champions League,16M,2.3M,293.5K,823,1.2K,16.0,2.3,0.2935,823.0,1200.0
593,luvjunior14,j ‚ù§Ô∏è,560.3K,1.6M,432.8K,1.4K,610,0.5602999999999999,1.6,0.4328,1400.0,610.0
594,sallyalawady1,Sally Alawady,4.1M,3.4M,187.8K,1.7K,446,4.1,3.4,0.18780000000000002,1700.0,446.0
595,felipenpv,Felipe Paiva,3.5M,1.7M,259.6K,1.8K,1.3K,3.5,1.7,0.2596,1800.0,1300.0
596,neitor.exe,Neitor,2.9M,2M,307.8K,1.6K,709,2.9,2.0,0.3078,1600.0,709.0
597,camilo,Camilo,28.8M,2.4M,275.9K,567,1.5K,28.8,2.4,0.2759,567.0,1500.0
598,thelondoncharles,London Charles,6M,1.7M,374.9K,1.4K,751,6.0,1.7,0.37489999999999996,1400.0,751.0
599,keemokazi,KEEMOKAZI,30.1M,2.8M,351.9K,1.1K,258,30.1,2.8,0.3519,1100.0,258.0
600,frantastiktok,Fran Carneros,1.5M,2.1M,458.4K,587,807,1.5,2.1,0.4584,587.0,807.0
601,elissadeheart,Elissa DeHeart,2.3M,2M,292.4K,974,1.3K,2.3,2.0,0.2924,974.0,1300.0
602,soulzang,ŸÜÿ∏ÿßŸÖ,293.5K,796.6K,218.3K,2K,5.7K,0.2935,0.7966,0.21830000000000002,2000.0,5700.0
603,sweeettails,SweeetTails,2.8M,1.4M,164.4K,828,5K,2.8,1.4,0.16440000000000002,828.0,5000.0
604,kane,kane,3.2M,1.8M,221.8K,1.3K,2K,3.2,1.8,0.22180000000000002,1300.0,2000.0
605,dreamlifex0,üßö ‚ú®Dream life‚ú®,569.2K,1.2M,134.1K,5.3K,2.7K,0.5692,1.2,0.1341,5300.0,2700.0
606,omahi.tiktok,OMAHI,14.7M,3.5M,391.9K,777,188,14.7,3.5,0.39189999999999997,777.0,188.0
607,tsezy,Tommy,4.8M,2M,253.5K,1.9K,735,4.8,2.0,0.2535,1900.0,735.0
608,albertinasacaca1,Albertina Sacaca Cal,6.5M,2.6M,241.7K,1.6K,505,6.5,2.6,0.2417,1600.0,505.0
609,brilionaire,model kentangüçü,4.4M,2.2M,229.4K,612,2K,4.4,2.2,0.2294,612.0,2000.0
610,wigofellas,wigofellas,34.4M,2.6M,158.9K,1.9K,1.2K,34.4,2.6,0.1589,1900.0,1200.0
611,_.anime.edits_0,video,97K,1.7M,75.6K,1.5K,8.7K,0.097,1.7,0.0756,1500.0,8700.0
612,christianfabiannn,Christian Fabian,13.4M,2.2M,311.9K,1.8K,130,13.4,2.2,0.31189999999999996,1800.0,130.0
613,gzfoodqood,Foodqood by Giallozafferano,18.5M,4.3M,213.3K,412,1K,18.5,4.3,0.21330000000000002,412.0,1000.0
614,thephysicshouse,The Physics House,592.4K,1.8M,307.7K,1.9K,507,0.5923999999999999,1.8,0.3077,1900.0,507.0
615,benedictpolizzi,benedict polizzi,2M,3.6M,360.2K,230,775,2.0,3.6,0.36019999999999996,230.0,775.0
616,main_and_aseel,Main & Aseel,1.3M,3M,178.1K,1.4K,1.1K,1.3,3.0,0.17809999999999998,1400.0,1100.0
617,ahmedhelmy,Ahmed Helmy,7M,2.6M,184.4K,952,1.8K,7.0,2.6,0.1844,952.0,1800.0
618,analisseworld,Analisseworld,10.4M,1.9M,358.6K,652,1.3K,10.4,1.9,0.35860000000000003,652.0,1300.0
619,zoecolletti,Zoe Colletti,2.2M,1.8M,209.7K,3K,429,2.2,1.8,0.2097,3000.0,429.0
620,k4554ndr4,kassandra ü™ê,978K,1M,280.4K,1.8K,2.7K,0.978,1.0,0.2804,1800.0,2700.0
621,kenchanachaisit,Ken Chanachai,405.8K,2M,184.6K,1.4K,2.1K,0.4058,2.0,0.1846,1400.0,2100.0
622,sidaivan,sdvn,89.8K,2.3M,149.9K,2.2K,1.5K,0.08979999999999999,2.3,0.1499,2200.0,1500.0
623,mrcaqui,Facundo Izquierdo,6.8M,978K,264.5K,833,4.1K,6.8,0.978,0.2645,833.0,4100.0
624,rubxnillo,Rubenillo,508.1K,3.8M,279K,282,925,0.5081,3.8,0.279,282.0,925.0
625,com.yamato0515,„Äê„Ç≥„É†„Éâ„ÉÉ„Éà„Äë„ÇÑ„Åæ„Å®,1.9M,1.2M,176.4K,4.3K,1.7K,1.9,1.2,0.1764,4300.0,1700.0
626,brentfordfc,Brentford FC,1.2M,1.9M,252.3K,1.6K,1.1K,1.2,1.9,0.2523,1600.0,1100.0
627,dede_harlan_,Dede Harlan,295.6K,957.7K,228.1K,1.9K,3.8K,0.29560000000000003,0.9577,0.2281,1900.0,3800.0
628,yurinya1128,„ÇÜ„Çä„Å´„ÇÉ,647.3K,2.3M,162.3K,2.5K,787,0.6473,2.3,0.1623,2500.0,787.0
629,hannahkelekacook,Hannah & Regal,3.3M,1.7M,231.8K,2.7K,444,3.3,1.7,0.2318,2700.0,444.0
630,marilynl19,user1692838440296,995.2K,1.1M,162.3K,4.4K,2.5K,0.9952000000000001,1.1,0.1623,4400.0,2500.0
631,dixiedamelio,dixie,57.4M,2.4M,220.5K,1.9K,424,57.4,2.4,0.2205,1900.0,424.0
632,somi_official_,JEON SOMI,7M,1.5M,329.6K,2K,496,7.0,1.5,0.3296,2000.0,496.0
633,leanbeefpatty,Patty,5.8M,1.8M,277.7K,1.5K,1K,5.8,1.8,0.2777,1500.0,1000.0
634,viki_tory88,–í–∏–∫–∞ & –ñ–µ–Ω—è,310.6K,1.9M,48.8K,208,12.9K,0.31060000000000004,1.9,0.048799999999999996,208.0,12900.0
635,jakekrantz,Jake Krantz,2.2M,1.3M,261.9K,701,3K,2.2,1.3,0.26189999999999997,701.0,3000.0
636,momonatamada,Momona Tamada,4.4M,1.7M,359.3K,1.8K,279,4.4,1.7,0.3593,1800.0,279.0
637,bankkamo46_,bankkamo46_ü¶ñ,1.3M,1.5M,204.7K,1.1K,3K,1.3,1.5,0.2047,1100.0,3000.0
638,surthycooks,Surthany hejeij,9.5M,2.5M,273.6K,1.4K,353,9.5,2.5,0.2736,1400.0,353.0
639,sofiaespanha,sofia espanha,4.6M,1.9M,284.8K,1.3K,996,4.6,1.9,0.2848,1300.0,996.0
640,waspycraft1,Waspycraft,194.4K,2.3M,188.6K,922,1.9K,0.19440000000000002,2.3,0.1886,922.0,1900.0
641,michou_yt,Michou,7.4M,2.4M,266.7K,1.5K,341,7.4,2.4,0.2667,1500.0,341.0
642,rachsullivan__,Rach Sullivan,1.5M,2M,370.2K,739,927,1.5,2.0,0.3702,739.0,927.0
643,piperrockelle,‚ô•Ô∏èPiper Rockelle‚ô†Ô∏è,10.4M,1.9M,158.4K,3.6K,543,10.4,1.9,0.1584,3600.0,543.0
644,elmercanchi,Que chimba sog,1.8M,1.9M,138.2K,691,3.9K,1.8,1.9,0.1382,691.0,3900.0
645,danielzencon,Daniel Zenteno Const,36.6K,1.2M,174.3K,1.1K,4.6K,0.0366,1.2,0.1743,1100.0,4600.0
646,dennysumargoreal,DENNY SUMARGO,3.3M,3.5M,187.2K,1.4K,386,3.3,3.5,0.18719999999999998,1400.0,386.0
647,jakeandrich,Jake Andrich / Jakipz,14.6M,2.1M,164.2K,1.6K,1.9K,14.6,2.1,0.16419999999999998,1600.0,1900.0
648,andreluizframbach,Andr√© Luiz Frambach,1.4M,3.6M,216.2K,285,1.3K,1.4,3.6,0.21619999999999998,285.0,1300.0
649,6666pd,666,285.7K,924.5K,153.3K,422,7.9K,0.2857,0.9245,0.15330000000000002,422.0,7900.0
650,skaijackson,Skai Jackson ü•∞,20.1M,2.1M,441.5K,899,372,20.1,2.1,0.4415,899.0,372.0
651,nickrowedder,Nicoly Amanda Rowedder,457.7K,1M,264.3K,1.7K,2.7K,0.4577,1.0,0.26430000000000003,1700.0,2700.0
652,esneni,Stefano Da Cunha,4.4M,1.4M,283.1K,2.5K,477,4.4,1.4,0.2831,2500.0,477.0
653,bellafoodie,Julie & Bella,4.2M,2.4M,313.7K,474,1.1K,4.2,2.4,0.3137,474.0,1100.0
654,guywithamoviecamera,reece,981.5K,1.4M,329K,1.1K,1.4K,0.9815,1.4,0.329,1100.0,1400.0
655,chocopla_osada,„ÉÅ„Éß„Ç≥„É¨„Éº„Éà„Éó„É©„Éç„ÉÉ„ÉàÈï∑Áî∞(„Ç™„Çµ„ÉÄ),688.4K,2.3M,107.9K,977,3.8K,0.6884,2.3,0.10790000000000001,977.0,3800.0
656,jaydafnwayda,JAYDA WAYDA,3.7M,1.6M,230.7K,1K,2.2K,3.7,1.6,0.2307,1000.0,2200.0
657,abusrwal1996,abusrwal1996,1.4M,1.7M,190.6K,2.1K,1.4K,1.4,1.7,0.1906,2100.0,1400.0
658,luara,Luara,22.6M,2.7M,185.9K,1.9K,403,22.6,2.7,0.1859,1900.0,403.0
659,cesarpantoja.n,Cesar Pantoja,14M,2.2M,347.1K,1.2K,283,14.0,2.2,0.3471,1200.0,283.0
660,islasvlogs_,Islas Vlogs,2.4M,2.9M,313.7K,842,416,2.4,2.9,0.3137,842.0,416.0
661,postmalone,Post Malone,12.8M,1.9M,176K,1.4K,2K,12.8,1.9,0.176,1400.0,2000.0
662,ana_eusse,Ana Maria,13.3M,3M,392.2K,825,141,13.3,3.0,0.3922,825.0,141.0
663,jeromepolin98,Jerome Polin,4.7M,1.5M,231.1K,2.4K,924,4.7,1.5,0.2311,2400.0,924.0
664,good.boy.ollie,Good Boy Ollie,4.2M,997.6K,250.3K,1.4K,3.2K,4.2,0.9976,0.2503,1400.0,3200.0
665,huntersolo,Hunter,2.4M,2.6M,399.4K,709,383,2.4,2.6,0.3994,709.0,383.0
666,frigerrr,Friger,828.6K,1.3M,327.9K,1.1K,1.5K,0.8286,1.3,0.32789999999999997,1100.0,1500.0
667,trungruoi93,Trung Ru·ªìi,2.1M,3.7M,112.6K,639,2.1K,2.1,3.7,0.11259999999999999,639.0,2100.0
668,riyukabunga,RiyukaBunga,2.9M,1.9M,132.4K,2.3K,2.3K,2.9,1.9,0.13240000000000002,2300.0,2300.0
669,nildachiaraviglio,NildaChiaraviglio,1M,1.5M,78.9K,478,9.4K,1.0,1.5,0.07890000000000001,478.0,9400.0
670,dina_kalanta,Dina_Kalanta,2.5M,3.1M,243.2K,1.2K,341,2.5,3.1,0.2432,1200.0,341.0
671,foodtimecali,Juan C | RECETAS FOODTIME,4.5M,1.5M,120.1K,250,6K,4.5,1.5,0.1201,250.0,6000.0
672,magalligjimenez,AvaSkyeStrong,952K,2.8M,136.9K,2.3K,717,0.952,2.8,0.1369,2300.0,717.0
673,braceletsbyk_,kp crafts sf,274.1K,1.7M,226.1K,1.1K,1.8K,0.2741,1.7,0.2261,1100.0,1800.0
674,manja_faiez,Manja,1.1M,2.3M,142.7K,1.1K,2.3K,1.1,2.3,0.1427,1100.0,2300.0
675,firmanskd,ùôÜùôäùòæùòºùôâ,2.8M,1.4M,144.5K,397,5.1K,2.8,1.4,0.1445,397.0,5100.0
676,joe.bartolozzi,Joe Bartolozzi,19.8M,1.8M,293.3K,1.8K,379,19.8,1.8,0.2933,1800.0,379.0
677,itsniane,niane,1.7M,1.1M,128.9K,2K,5.9K,1.7,1.1,0.12890000000000001,2000.0,5900.0
678,melon.n.finn,Melon and Finn,1.5M,1M,213.9K,1.9K,3.3K,1.5,1.0,0.2139,1900.0,3300.0
679,khairulaming,Khairulaming,2M,1.7M,248.5K,1.2K,1.4K,2.0,1.7,0.2485,1200.0,1400.0
680,dudamaryah,dudamaryah,5.9M,2M,284.6K,701,1.3K,5.9,2.0,0.2846,701.0,1300.0
681,andresgjohnson,Andres Johnson256,4.1M,1.1M,186.4K,935,4.5K,4.1,1.1,0.1864,935.0,4500.0
682,luongthingocha,Ng√¢n H√†üçå,6M,2.4M,286.1K,1.4K,226,6.0,2.4,0.2861,1400.0,226.0
683,gergomezzz,Ger Gomez,1.7M,1.1M,210.3K,1.3K,3.3K,1.7,1.1,0.21030000000000001,1300.0,3300.0
684,dilanjaniyar_2,Emang Dilan namanya,2.6M,1.9M,228.5K,1.9K,603,2.6,1.9,0.2285,1900.0,603.0
685,raulbazanm,RAUL,5.7M,2.2M,184K,964,1.8K,5.7,2.2,0.184,964.0,1800.0
686,tabithaswatosh,Tabs,12.5M,2.3M,362.2K,1.1K,203,12.5,2.3,0.36219999999999997,1100.0,203.0
687,iniganta,Ganta,986.8K,1.3M,160.7K,3.3K,1.9K,0.9867999999999999,1.3,0.16069999999999998,3300.0,1900.0
688,herranwalt,Herr Anwalt,5.7M,1.4M,177.7K,2.6K,1.8K,5.7,1.4,0.1777,2600.0,1800.0
689,kreebinnear,Bree Kinnear,58.4K,1.8M,307.1K,819,1.2K,0.0584,1.8,0.30710000000000004,819.0,1200.0
690,iamgeraldhuston,Gerald Huston,1.7M,1.5M,261.4K,1.3K,1.6K,1.7,1.5,0.26139999999999997,1300.0,1600.0
691,loayramadan10,üî•ŸÑÿ§Ÿä ÿ±ŸÖÿ∂ÿßŸÜüî•,1.1M,2.8M,190.5K,760,1.3K,1.1,2.8,0.1905,760.0,1300.0
692,madisonbeer,Madison Beer,17.9M,1.2M,224.4K,2.7K,1.3K,17.9,1.2,0.22440000000000002,2700.0,1300.0
693,...anddy_,ANDDY üê∫üåô,1.1M,937.1K,141.9K,7.3K,792,1.1,0.9371,0.1419,7300.0,792.0
694,meqs,Minecraft,2.7M,3.1M,136K,1.1K,1.5K,2.7,3.1,0.136,1100.0,1500.0
695,charlotteless,charlotte,1.2M,2.4M,226.2K,544,1.5K,1.2,2.4,0.22619999999999998,544.0,1500.0
696,cristobalsoria,Crist√≥bal Soria,720.4K,1.1M,111.4K,3.8K,4.9K,0.7203999999999999,1.1,0.1114,3800.0,4900.0
697,hisoyvaleria,valeria üñ§,8.5M,1.4M,189K,1K,3K,8.5,1.4,0.189,1000.0,3000.0
698,bennyvelour,Benny Velour,326.6K,786.5K,184.4K,2.5K,4.9K,0.3266,0.7865,0.1844,2500.0,4900.0
699,carlosferiag,Carlos Feria,40.1M,2.5M,203.7K,1.9K,163,40.1,2.5,0.2037,1900.0,163.0
700,pkcreedon,Pk514,200.4K,1.4M,235.4K,1.4K,1.8K,0.2004,1.4,0.2354,1400.0,1800.0
701,loganlisle,Logan Lisle,1.8M,1.7M,78.2K,315,7.8K,1.8,1.7,0.0782,315.0,7800.0
702,sunnyjutt1296,SunNy Jutt,2.2M,2M,204.5K,1.4K,1.2K,2.2,2.0,0.2045,1400.0,1200.0
703,mealsbymitch,Mitch ü•ò,1M,1.7M,95.4K,951,5.4K,1.0,1.7,0.09540000000000001,951.0,5400.0
704,patinscascavel,Vanessa Patins,3.5M,878.3K,62.4K,295,18.8K,3.5,0.8783,0.0624,295.0,18800.0
705,son_dan,Tr∆∞·ªùng S∆°n,1.4M,3.7M,185.1K,670,841,1.4,3.7,0.1851,670.0,841.0
706,zane,zane,6.4M,2M,323.8K,775,863,6.4,2.0,0.32380000000000003,775.0,863.0
707,didiwinx,Didi,5.2M,2M,289.7K,1.3K,575,5.2,2.0,0.2897,1300.0,575.0
708,rank.ali,ÿ±ŸÜŸÉ | Rnk,571.5K,3.1M,144.4K,1.7K,630,0.5715,3.1,0.1444,1700.0,630.0
709,farhakhalidi,Farha Khalidi,1.7M,2.2M,202.6K,1.4K,880,1.7,2.2,0.2026,1400.0,880.0
710,oli_natu,Oli Natu,10.1M,2.2M,305.3K,749,777,10.1,2.2,0.3053,749.0,777.0
711,fedez,fedez,5.8M,1.3M,229K,1.4K,2K,5.8,1.3,0.229,1400.0,2000.0
712,wei__official,ÏúÑÏïÑÏù¥(WEi),1.4M,959.5K,229.6K,2.8K,1.9K,1.4,0.9595,0.2296,2800.0,1900.0
713,xuxameneghel,Xuxa,684.5K,2.3M,177.2K,1.8K,716,0.6845,2.3,0.1772,1800.0,716.0
714,jzgarcia,Jz Garcia,1.8M,969.2K,233.9K,1K,3.5K,1.8,0.9692000000000001,0.2339,1000.0,3500.0
715,blkk.1,BLK,470.5K,1.6M,237.2K,1.1K,1.6K,0.4705,1.6,0.2372,1100.0,1600.0
716,kodasteven,Stevenüáµüá∑,6M,1.5M,330.1K,1.3K,785,6.0,1.5,0.3301,1300.0,785.0
717,sampepper,Sam Pepper,4.2M,3.1M,227K,799,642,4.2,3.1,0.227,799.0,642.0
718,tifannylm,‚ö°Ô∏èTEF,8.7M,2.8M,355.6K,816,222,8.7,2.8,0.3556,816.0,222.0
719,maithana9er,Maithana9er,2.1M,2.5M,96K,2.7K,1.7K,2.1,2.5,0.096,2700.0,1700.0
720,carrydisini,Carry Disini,3.3M,3.1M,274.1K,518,694,3.3,3.1,0.2741,518.0,694.0
721,lockedinout,Lockedinout,5.1M,1.6M,210.4K,883,2.1K,5.1,1.6,0.2104,883.0,2100.0
722,pipepunk,Pipepunk,1.5M,951.4K,235.2K,962,3.5K,1.5,0.9514,0.2352,962.0,3500.0
723,rapaellcug,jaeja,868.7K,923.1K,194.6K,2.4K,3.2K,0.8687,0.9231,0.1946,2400.0,3200.0
724,michaeloftiktok,michaeloftiktok,1M,1.4M,186K,1.4K,2.5K,1.0,1.4,0.186,1400.0,2500.0
725,mrnigelng,Nigel Ng (Uncle Roger),5.3M,2.1M,251.2K,621,1.3K,5.3,2.1,0.2512,621.0,1300.0
726,6footkillaa,6footkillaa,952.7K,1.6M,257.2K,1.8K,588,0.9527,1.6,0.2572,1800.0,588.0
727,haijoel,Haijoel,736.3K,4M,192.2K,1.1K,231,0.7363,4.0,0.19219999999999998,1100.0,231.0
728,esnyrrr,Esnyr,5.4M,1.6M,289.6K,778,1.4K,5.4,1.6,0.2896,778.0,1400.0
729,hairupkneesdownh0e,Ava Soto .,222.4K,1.2M,170K,3.9K,946,0.22240000000000001,1.2,0.17,3900.0,946.0
730,morganveraa,Morgan Vera,5.7M,2M,238K,1K,1.1K,5.7,2.0,0.238,1000.0,1100.0
731,laurahfritz,laura & lena,2.7M,1.3M,254.1K,1.1K,1.9K,2.7,1.3,0.2541,1100.0,1900.0
732,jdiasss_,Jo√£o Dias,7.8M,1.3M,265.4K,1.8K,1.2K,7.8,1.3,0.26539999999999997,1800.0,1200.0
733,greatekyroga,u can call me sasha,1.1M,1.1M,320.3K,1.9K,1K,1.1,1.1,0.32030000000000003,1900.0,1000.0
734,jomaryee,Jomar Yee,9M,2.3M,226.7K,1.3K,626,9.0,2.3,0.22669999999999998,1300.0,626.0
735,kikakiim,Kika Kim,31.7M,1.9M,220K,1.7K,646,31.7,1.9,0.22,1700.0,646.0
736,pepperonimuffin,Kirsten Titus,7.9M,2.2M,433.5K,809,225,7.9,2.2,0.4335,809.0,225.0
737,shayvise,Shayvise,3.6M,2.1M,412.8K,774,361,3.6,2.1,0.4128,774.0,361.0
738,thejoeyswoll,Joey Swoll,5.3M,1.7M,240.8K,2.2K,322,5.3,1.7,0.24080000000000001,2200.0,322.0
739,kieuduylong16,Ki·ªÅu Duy Long ü¶ñ,2.4M,2.5M,243.9K,1.4K,220,2.4,2.5,0.2439,1400.0,220.0
740,sajads111,ÿ≥ÿ¨ÿßÿØ ÿ≥ŸÑŸÖÿßŸÜ,1.5M,2M,71.2K,1.1K,6K,1.5,2.0,0.0712,1100.0,6000.0
741,bobbialthoff,Bobbi,3.5M,2.9M,207.4K,477,1.1K,3.5,2.9,0.2074,477.0,1100.0
742,josefineholum,Josefineüë©üèΩ‚Äç‚öïÔ∏è,1.1M,1.5M,221.3K,1.4K,1.5K,1.1,1.5,0.22130000000000002,1400.0,1500.0
743,lyodrabeneran,Lyodra Ginting,1.6M,2.2M,172.5K,1.4K,1.1K,1.6,2.2,0.1725,1400.0,1100.0
744,armando_netto,Armando Netto,4.8M,2.1M,226.1K,1.9K,225,4.8,2.1,0.2261,1900.0,225.0
745,rachaeloneil,Rachael O'Neil,1M,2M,144K,1.6K,1.8K,1.0,2.0,0.144,1600.0,1800.0
746,andremastijan,andre,786.7K,1.2M,111.5K,876,6.2K,0.7867000000000001,1.2,0.1115,876.0,6200.0
747,pamibabyy,pami ‚ô°,7.2M,1.7M,288.9K,679,1.3K,7.2,1.7,0.2889,679.0,1300.0
748,xawado,ÿßŸàÿßÿØŸà / awado  ü¶é,1.2M,1.7M,137.5K,1.9K,2.3K,1.2,1.7,0.1375,1900.0,2300.0
749,annafontanela,Anna Fontanela,3.9M,2.1M,313.4K,1.2K,292,3.9,2.1,0.31339999999999996,1200.0,292.0
750,aragonclyrics,@aragonclyrics,1.4M,1.3M,94.4K,96,7.7K,1.4,1.3,0.09440000000000001,96.0,7700.0
751,jadepicon,JADE PICON üå™,8.8M,2M,311.1K,967,567,8.8,2.0,0.31110000000000004,967.0,567.0
752,simpforatispaul,Mikaela Testa,2.7M,2.1M,355.1K,853,423,2.7,2.1,0.3551,853.0,423.0
753,legendasmania,Legendas Mania,767.9K,1.1M,135.1K,231,6.2K,0.7679,1.1,0.1351,231.0,6200.0
754,philiptanasas,philiptanasas,9.3M,2.2M,252.9K,1.1K,610,9.3,2.2,0.2529,1100.0,610.0
755,zainah.mb,Zainah & Minnie,1.2M,1M,208.1K,1.1K,3.2K,1.2,1.0,0.2081,1100.0,3200.0
756,ffrangomez,Fran G√≥mez,1.5M,1.4M,253.4K,349,2.3K,1.5,1.4,0.2534,349.0,2300.0
757,sibenitoo,SiBenitoo,5.6M,2.5M,185.7K,1.5K,598,5.6,2.5,0.18569999999999998,1500.0,598.0
758,benazelart,Ben Azelart,15.7M,2.6M,221.6K,1.2K,452,15.7,2.6,0.2216,1200.0,452.0
759,lgndfrvr,LGNDFRVR,17M,1.6M,200.5K,1.1K,1.8K,17.0,1.6,0.2005,1100.0,1800.0
760,worldofxtra,Stan Fukase,806.2K,943.6K,290.6K,1.4K,2K,0.8062,0.9436,0.2906,1400.0,2000.0
761,so.077,ÿ≥ŸàŸÖ,419.5K,1.8M,119.1K,2.7K,1.8K,0.4195,1.8,0.1191,2700.0,1800.0
762,ehgml._.16,ÍπÄÎèÑÏ∞å,400.7K,1.4M,273.5K,1.2K,1.3K,0.4007,1.4,0.2735,1200.0,1300.0
763,kelvinsabinoof,KelvinSabinoüåµ,1.5M,1M,156.8K,2.7K,3.2K,1.5,1.0,0.15680000000000002,2700.0,3200.0
764,bradley.thor,Thoren Bradley,5.7M,1.3M,142.4K,1.8K,3.2K,5.7,1.3,0.1424,1800.0,3200.0
765,anxietycouple,Anxiety couple,12.2M,2.4M,271K,893,526,12.2,2.4,0.271,893.0,526.0
766,alostrich,Matt Mitchell,1M,1.1M,134.3K,1K,5.1K,1.0,1.1,0.1343,1000.0,5100.0
767,goharsguide,Gohar Khan,2.1M,2M,306K,724,779,2.1,2.0,0.306,724.0,779.0
768,viliacarl,Vilia Carl,4.1M,2.8M,243.1K,881,470,4.1,2.8,0.24309999999999998,881.0,470.0
769,riaricis,Ria Ricis,28.6M,2.3M,242.7K,764,878,28.6,2.3,0.2427,764.0,878.0
770,k0uvr,Kouvr,13.6M,2.7M,422.5K,562,240,13.6,2.7,0.4225,562.0,240.0
771,jorgitoparrillero,Jorgito Parrillero,1.4M,1.5M,99.5K,333,6K,1.4,1.5,0.0995,333.0,6000.0
772,mell_editz0,È¨º ‚Ä¢ ùêÜ ùêé ùêâ ùêé,480.5K,1.5M,229.9K,1.5K,1.1K,0.4805,1.5,0.2299,1500.0,1100.0
773,homemdehonra,Homem De Honra,79.3K,944.3K,37.7K,710,25K,0.0793,0.9442999999999999,0.037700000000000004,710.0,25000.0
774,claragnds,Maria Clara Garcia,18.6M,1.9M,191.8K,1.8K,648,18.6,1.9,0.1918,1800.0,648.0
775,jakepaul,Jake Paul,16.7M,1.5M,156.4K,2.3K,1.6K,16.7,1.5,0.1564,2300.0,1600.0
776,albert_cancook,albert_cancook,8.1M,2.4M,265.2K,829,624,8.1,2.4,0.2652,829.0,624.0
777,soapinmymouthoncemore,tedwards,5.1K,943.3K,189.6K,1.9K,3.1K,0.0050999999999999995,0.9432999999999999,0.1896,1900.0,3100.0
778,cirowhites1.0,CiroWhites,2.3M,1.7M,301.7K,908,895,2.3,1.7,0.30169999999999997,908.0,895.0
779,theshabakitchen,The Shaba Kitchen,2.1M,1.3M,114.1K,1.8K,4.3K,2.1,1.3,0.1141,1800.0,4300.0
780,rubiaramallho,Rubia Ramallho,2.7M,2.1M,156.4K,613,2.1K,2.7,2.1,0.1564,613.0,2100.0
781,bessan_esmail,ÿ®Ÿäÿ≥ÿßŸÜ ÿßÿ≥ŸÖÿßÿπŸäŸÑ - Bessan Ismail,11.3M,2.1M,160.5K,1.4K,1.3K,11.3,2.1,0.1605,1400.0,1300.0
782,ypk.raye,ypk.raye,4M,1.8M,332.5K,890,642,4.0,1.8,0.3325,890.0,642.0
783,edlyninbatangas,Boss Edlyn,925K,2.3M,175K,558,1.7K,0.925,2.3,0.175,558.0,1700.0
784,armandogreiser,Armando Greiser,52.4K,621.4K,112.5K,1.3K,11.4K,0.052399999999999995,0.6214,0.1125,1300.0,11400.0
785,internet.elise,elise,522.9K,926.9K,206.5K,597,4K,0.5229,0.9269,0.2065,597.0,4000.0
786,ikercasillas,Iker Casillas,2.7M,1.6M,191.8K,2.1K,783,2.7,1.6,0.1918,2100.0,783.0
787,rizwanfadilah.a.s,Njan üôà,1.6M,1M,205.2K,2.2K,2.1K,1.6,1.0,0.2052,2200.0,2100.0
788,bigdaddydmurph,Big Daddy Little Laur,1.3M,1.9M,125.1K,1.4K,2.4K,1.3,1.9,0.1251,1400.0,2400.0
789,fukada0318,Ê∑±Áî∞„Åà„ÅÑ„Åø,4.9M,2.6M,164K,1.3K,751,4.9,2.6,0.164,1300.0,751.0
790,coleandersonj,Cole Anderson James,1.8M,1.4M,262.1K,1.1K,1.2K,1.8,1.4,0.2621,1100.0,1200.0
791,moneybagyo85,YouTube king von 1,55.1K,4.4M,216.1K,680,244,0.0551,4.4,0.2161,680.0,244.0
792,luisonfelix2,Luis Felix,395.4K,2.3M,99.5K,1.1K,2.8K,0.3954,2.3,0.0995,1100.0,2800.0
793,davidgetial,deivis,14.8M,1.9M,322.5K,1.1K,291,14.8,1.9,0.3225,1100.0,291.0
794,jezzzini,JEZZINI,2.5M,856.4K,239K,1.1K,3.2K,2.5,0.8563999999999999,0.239,1100.0,3200.0
795,sherinicolee,sheri,14.3M,2.8M,263.2K,1.1K,103,14.3,2.8,0.2632,1100.0,103.0
796,fujiiian,Fuji,16.3M,2.2M,221.6K,1.1K,681,16.3,2.2,0.2216,1100.0,681.0
797,anardreams,ANAR DREAMS üíéüí∞,15.9M,3M,131.1K,1.9K,376,15.9,3.0,0.1311,1900.0,376.0
798,1_alkaisr_1,üî±üåπÿßŸÑŸÇŸäÿµÿ±üåπüî±,12.1M,1.9M,182.1K,690,1.8K,12.1,1.9,0.18209999999999998,690.0,1800.0
799,joslum,Jos√© L,13.4M,2.3M,364.9K,779,252,13.4,2.3,0.3649,779.0,252.0
800,erabii,Mohanaderabii,1.4M,2.1M,132.8K,1.4K,1.7K,1.4,2.1,0.1328,1400.0,1700.0
801,ycn.benz,üëëùñÑùï¨ùïÆùï¥ùïπùï∞üëë,132.1K,1.3M,44K,849,14.8K,0.1321,1.3,0.044,849.0,14800.0
802,conradovillagra,·¥Ñ·¥è…¥ Ä·¥Ä,10.9M,3.2M,260.4K,864,167,10.9,3.2,0.26039999999999996,864.0,167.0
803,haniaheheofficiall,Hania Aamir,1.3M,2M,190.9K,1.8K,432,1.3,2.0,0.19090000000000001,1800.0,432.0
804,julesleblanc,jules,18.8M,2.2M,322.5K,952,270,18.8,2.2,0.3225,952.0,270.0
805,real_animasinopal,Animasinopal,1.8M,2.9M,277.7K,451,619,1.8,2.9,0.2777,451.0,619.0
806,vivinovikaa,Viviüß∏,999.1K,1.6M,197.9K,1.7K,945,0.9991,1.6,0.1979,1700.0,945.0
807,erikatitus,Erika,3.3M,1.6M,329.7K,1.1K,525,3.3,1.6,0.3297,1100.0,525.0
808,_amanndaraujo,Amanda Ara√∫jo,4.3M,3.5M,172.6K,997,400,4.3,3.5,0.1726,997.0,400.0
809,tuankiet.2000,Ki·ªát H√† T·ªãnh,4.6M,2.9M,216.5K,1.1K,268,4.6,2.9,0.2165,1100.0,268.0
810,madelineargy,madz,2.3M,1.5M,337.7K,1.1K,581,2.3,1.5,0.3377,1100.0,581.0
811,melon.228,Melon n√® !,1.9M,2.4M,185.6K,1K,868,1.9,2.4,0.1856,1000.0,868.0
812,joelsvnny,Joel Sunny,1.4M,1.1M,208.3K,2.3K,1.3K,1.4,1.1,0.2083,2300.0,1300.0
813,theandrewschulz,Andrew Schulz,4.1M,1.4M,192.9K,613,2.6K,4.1,1.4,0.19290000000000002,613.0,2600.0
814,littlebubbychild,Little Bubby Child,356.2K,853.5K,65.5K,1.5K,13.4K,0.35619999999999996,0.8535,0.0655,1500.0,13400.0
815,jeonifty,üê∞,250K,800.4K,235.7K,1.2K,3.2K,0.25,0.8004,0.2357,1200.0,3200.0
816,annaxsitar,anna x,12M,2.6M,372.8K,417,442,12.0,2.6,0.3728,417.0,442.0
817,agustinlocutor,agustinlocutor,1.8M,1.6M,100K,986,4.2K,1.8,1.6,0.1,986.0,4200.0
818,meosimmyyt,M√®o Simmy,4.6M,1.1M,137.1K,4.7K,626,4.6,1.1,0.1371,4700.0,626.0
819,bryceheemjames,Bryceüòà,834.6K,1.4M,237.6K,1.8K,688,0.8346,1.4,0.2376,1800.0,688.0
820,c4tluvr666,Kennedy Walsh,2.6M,1.6M,312.6K,934,765,2.6,1.6,0.31260000000000004,934.0,765.0
821,losariasbrothers,Los Arias,1.6M,1.6M,241.4K,476,1.6K,1.6,1.6,0.2414,476.0,1600.0
822,stainedhands,Devyn,1.6M,1.6M,335.3K,359,1.2K,1.6,1.6,0.3353,359.0,1200.0
823,romanlolo,Roman,2.6M,1.9M,170.4K,2K,579,2.6,1.9,0.1704,2000.0,579.0
824,slayeas,L√©a Martinez,3.9M,1.8M,239.7K,837,1.1K,3.9,1.8,0.2397,837.0,1100.0
825,mo_vlogs,movlogs,3.3M,4.9M,189.6K,577,300,3.3,4.9,0.1896,577.0,300.0
826,volvydooya,ÊüäVolvy,1.3M,1.1M,233.1K,1.2K,2K,1.3,1.1,0.2331,1200.0,2000.0
827,simoneberlini,SIMONE BERLINI,6.1M,1.6M,259.8K,868,1.1K,6.1,1.6,0.25980000000000003,868.0,1100.0
828,aileenchristineee,Aileenchristineee,5.8M,1.4M,224.1K,681,1.9K,5.8,1.4,0.2241,681.0,1900.0
829,funny_v.i.p,funny_v.i.p,9.5M,1.6M,196.5K,476,2.1K,9.5,1.6,0.1965,476.0,2100.0
830,barbaracoura,B√°rbara Coura,9.5M,1.4M,295.7K,1K,922,9.5,1.4,0.29569999999999996,1000.0,922.0
831,nada_m7amed,ÿØŸàÿØÿßü¶πüèªü§ç,6.4M,1.8M,190.8K,812,1.5K,6.4,1.8,0.19080000000000003,812.0,1500.0
832,yesimresmi1,~YE≈ûƒ∞M,17.1M,3.5M,122.5K,1.1K,765,17.1,3.5,0.1225,1100.0,765.0
833,hjevelyn,Evelyn Ha,2.8M,1.1M,245.9K,2.4K,661,2.8,1.1,0.2459,2400.0,661.0
834,wubzzy69,William,1.5M,911.9K,194.8K,1.7K,2.7K,1.5,0.9118999999999999,0.1948,1700.0,2700.0
835,onlyjayus,actuallyitsbella,18.2M,1.6M,237.4K,1.6K,503,18.2,1.6,0.2374,1600.0,503.0
836,nyx.lynnx,Nyx,202.6K,1.6M,155.5K,1.8K,1.4K,0.2026,1.6,0.1555,1800.0,1400.0
837,dhddecor,Design House Decor,76.5K,1.1M,141.1K,574,4.4K,0.0765,1.1,0.1411,574.0,4400.0
838,shoelover99,ophelia ü¶ã,8.9M,1M,169.2K,4.2K,481,8.9,1.0,0.1692,4200.0,481.0
839,alzoubinadia,Nadia Al-zou'bi,5.5M,1.5M,75.9K,738,6.2K,5.5,1.5,0.07590000000000001,738.0,6200.0
840,emilwarren1,Emil Warren,851.5K,1.2M,211.3K,2.6K,617,0.8515,1.2,0.21130000000000002,2600.0,617.0
841,clmnsbrock,CLMNS BROCK,1.6M,1.4M,152.8K,532,3.3K,1.6,1.4,0.15280000000000002,532.0,3300.0
842,alxjames,Alx James,2.2M,896.7K,152.8K,899,4.8K,2.2,0.8967,0.15280000000000002,899.0,4800.0
843,tanamongeaulol,Tana Mongeau,7.4M,2.1M,234.5K,1.2K,412,7.4,2.1,0.2345,1200.0,412.0
844,cassholland,Cass Holland,1.9M,1.9M,287.7K,856,571,1.9,1.9,0.2877,856.0,571.0
845,arfaytb,ARFAYTB,372.7K,894.1K,108.7K,456,7.6K,0.3727,0.8941,0.1087,456.0,7600.0
846,britneyspears,Britney Spears,7.1M,1.3M,107.8K,3.5K,2.3K,7.1,1.3,0.10779999999999999,3500.0,2300.0
847,h2balla,Hunter & Frank,3.2M,2M,234.2K,1.4K,274,3.2,2.0,0.2342,1400.0,274.0
848,elalfaeljeferd,ELALFAELJEFERD,1.3M,1.9M,198.6K,639,1.4K,1.3,1.9,0.1986,639.0,1400.0
849,adamsheey,Adam Shi,5.3M,1.2M,235.9K,845,1.9K,5.3,1.2,0.2359,845.0,1900.0
850,maxthemeatguy,Max The Meat Guy,4.9M,2.1M,273.1K,622,720,4.9,2.1,0.2731,622.0,720.0
851,iamauroramusic,AURORA,4M,1.6M,216.2K,1.6K,659,4.0,1.6,0.21619999999999998,1600.0,659.0
852,haritsuuu,„Éè„É™„ÉÑüåøÊ•µ,1.9M,1.8M,92.7K,2.3K,2.5K,1.9,1.8,0.0927,2300.0,2500.0
853,vidhia_r,üêáVidhi_Rüêá,7.2M,1.1M,151.5K,2.9K,1.7K,7.2,1.1,0.1515,2900.0,1700.0
854,t_400,ÿ¨ŸàŸÇŸäüíö,3.8M,1.5M,219.3K,1.3K,982,3.8,1.5,0.21930000000000002,1300.0,982.0
855,gabrielabee,GABI BEE,10M,1.2M,239.1K,2.2K,432,10.0,1.2,0.2391,2200.0,432.0
856,fyp,jack neel,8.6M,1.3M,245.4K,1.9K,535,8.6,1.3,0.2454,1900.0,535.0
857,dangthuhaf,ƒê·∫∑ng Thu H√†,980.5K,2.5M,300.4K,672,341,0.9805,2.5,0.3004,672.0,341.0
858,miguelito_peru,Miguel Alessandro,1.7M,1.8M,113.9K,1K,2.8K,1.7,1.8,0.1139,1000.0,2800.0
859,mesitaaa,Mesita,329.9K,1.6M,326.8K,611,886,0.32989999999999997,1.6,0.32680000000000003,611.0,886.0
860,munir.107,Munir | 107 Deportes,752.5K,1.2M,88.4K,371,6.7K,0.7525,1.2,0.0884,371.0,6700.0
861,plethoraklaus,grace‚òïÔ∏éÔ∏é,68.2K,730.3K,179.2K,3.9K,1.9K,0.0682,0.7303,0.1792,3900.0,1900.0
862,alexandramadison_,Alex and Jon,1.3M,971.2K,135K,552,5.2K,1.3,0.9712000000000001,0.135,552.0,5200.0
863,playboyjuju,Playboyjuju,358.3K,1.7M,120.1K,2.4K,1.3K,0.3583,1.7,0.1201,2400.0,1300.0
864,beamngshorts,Beamng Shorts,2.8M,2.9M,158.9K,1K,630,2.8,2.9,0.1589,1000.0,630.0
865,susymourizz,Susy Mourizüå∑,8.4M,1.8M,212.2K,1.5K,470,8.4,1.8,0.2122,1500.0,470.0
866,themerkins,THE MERKINS,631.9K,600.1K,150.9K,1.4K,6.8K,0.6319,0.6001000000000001,0.1509,1400.0,6800.0
867,carloandsarah,carloandsarah,4M,2.1M,219.6K,695,924,4.0,2.1,0.2196,695.0,924.0
868,paupelaez_, ú·¥Ä…¥·¥á·¥ç…™ è·¥Ä,6.6M,1.2M,257.6K,2.1K,336,6.6,1.2,0.2576,2100.0,336.0
869,okichloeo,chloeo,3.7M,1.4M,188.2K,1.9K,962,3.7,1.4,0.18819999999999998,1900.0,962.0
870,mrs.wahlberg,Jenny McCarthy,1.9M,1.2M,147.8K,3.2K,986,1.9,1.2,0.14780000000000001,3200.0,986.0
871,apinyabunying,Apinya Bunying,215.6K,1.5M,204.1K,1.2K,1.3K,0.21559999999999999,1.5,0.2041,1200.0,1300.0
872,imanthonyvargas,Anthony Vargas,6.6M,1.8M,292.1K,1.2K,247,6.6,1.8,0.2921,1200.0,247.0
873,creatingwonders,Jesse J. Pedigo,11.6M,752.9K,96.3K,1.4K,8.8K,11.6,0.7529,0.0963,1400.0,8800.0
874,nalgalia.g,natiüëΩ,13.9M,1.6M,182.6K,449,2.2K,13.9,1.6,0.18259999999999998,449.0,2200.0
875,zeinazeee,Zeina Zee,3.8M,2.2M,185.6K,820,990,3.8,2.2,0.1856,820.0,990.0
876,notmarkharris,Mark,56.7K,754.3K,192.5K,1.7K,3.3K,0.0567,0.7543,0.1925,1700.0,3300.0
877,boywithuke,boywithuke,5.8M,1.6M,242.3K,1.6K,306,5.8,1.6,0.24230000000000002,1600.0,306.0
878,lilyxgarcia,Lily Garcia,12.3M,1.7M,248.5K,972,760,12.3,1.7,0.2485,972.0,760.0
879,rose.friederike,ROSE,3.9M,3.1M,123.9K,974,930,3.9,3.1,0.12390000000000001,974.0,930.0
880,kaylamalecc,kayla,8.3M,1.7M,277.3K,1.4K,128,8.3,1.7,0.2773,1400.0,128.0
881,theonlycb3,Charles Brockman III,6M,1M,235.1K,2.1K,1K,6.0,1.0,0.2351,2100.0,1000.0
882,carloscastroes,Carlos Castro,12.5M,1.6M,166.5K,285,2.5K,12.5,1.6,0.1665,285.0,2500.0
883,hf37777,ŸÜÿ¨ŸÖ ÿßŸÑÿ´ÿ±Ÿäÿßÿ°‚≠êH,455.3K,1.1M,17.6K,5.8K,31.9K,0.45530000000000004,1.1,0.0176,5800.0,31900.0
884,jfkexplainsjokes,JFK üíÄ,34.1K,888.8K,181.6K,3.4K,1.1K,0.0341,0.8887999999999999,0.18159999999999998,3400.0,1100.0
885,johnmicheal1996,Ricky & The Boss,4.3M,930.6K,109.5K,784,6.3K,4.3,0.9306,0.1095,784.0,6300.0
886,celinaspookyboo,Celina Myers,26M,1.6M,246.7K,1.2K,625,26.0,1.6,0.24669999999999997,1200.0,625.0
887,yg_treasure_tiktok,yg_treasure_official,4.4M,830.5K,216.9K,2.2K,1.8K,4.4,0.8305,0.2169,2200.0,1800.0
888,0808sakura,üå∏Ê°úüå∏,1.6M,1.2M,144.7K,2.7K,1.5K,1.6,1.2,0.1447,2700.0,1500.0
889,danethegreatt,Dane Lindfors,2.5M,1.3M,109.6K,896,4.3K,2.5,1.3,0.10959999999999999,896.0,4300.0
890,thedonato,thedonato,8.1M,1.3M,152.8K,3.5K,92,8.1,1.3,0.15280000000000002,3500.0,92.0
891,afrae.es,Afraa,6.6M,2.7M,185.7K,594,860,6.6,2.7,0.18569999999999998,594.0,860.0
892,rifirdus,RIFIRDUS,2.1M,2.1M,158.9K,845,1.3K,2.1,2.1,0.1589,845.0,1300.0
893,lilmabuu,Lil Mabu,958.1K,2M,206.9K,1.2K,504,0.9581000000000001,2.0,0.2069,1200.0,504.0
894,nadaahmed__1,ÿßŸÖ ÿÆÿØŸàÿØ  ŸÅÿ±ÿßŸàŸÑÿ©üòåüçì,907.4K,2.2M,150.1K,907,1.2K,0.9074,2.2,0.15009999999999998,907.0,1200.0
895,maxtaylorlifts,Max Taylor,8.9M,1.3M,231.2K,1.2K,1.2K,8.9,1.3,0.2312,1200.0,1200.0
896,daddyyankee,daddyyankee,12.1M,1.2M,197.8K,1.8K,1.2K,12.1,1.2,0.1978,1800.0,1200.0
897,imchef7,Heinz Wuth - Ciencia y Cocina,1.3M,1.3M,189.3K,530,2.5K,1.3,1.3,0.18930000000000002,530.0,2500.0
898,acdc,AC/DC,394.2K,1.1M,182.2K,879,2.6K,0.3942,1.1,0.1822,879.0,2600.0
899,subarumotorsportsusa,Subaru Motorsports USA,199.9K,1M,161.9K,840,3.4K,0.1999,1.0,0.16190000000000002,840.0,3400.0
900,in_the_nic_of_time,Nic Suarez,6.3M,2.4M,263.5K,752,362,6.3,2.4,0.2635,752.0,362.0
901,its.michhh,Michel Chavez,31.7M,1.9M,260.4K,1.2K,218,31.7,1.9,0.26039999999999996,1200.0,218.0
902,alwanr__,AlwanRK,6.9M,2.5M,237K,630,558,6.9,2.5,0.237,630.0,558.0
903,hieubuiba,B√πi B√° Hi·∫øu,2.3M,2.8M,260.6K,796,185,2.3,2.8,0.2606,796.0,185.0
904,atom221220,üí¶ATOMüê¶,2.8M,1.3M,241.8K,1.4K,821,2.8,1.3,0.24180000000000001,1400.0,821.0
905,cedriklorenzen,Cedrik Lorenzen,2.9M,1.1M,115.3K,2.3K,3.2K,2.9,1.1,0.1153,2300.0,3200.0
906,aureliehermansyahatta,Aurelie Hermansyah,8.7M,2.1M,187.4K,989,779,8.7,2.1,0.1874,989.0,779.0
907,abopermak,abopermak,73K,2.3M,69.7K,2.6K,1.7K,0.073,2.3,0.0697,2600.0,1700.0
908,therealdrmiami,Dr. Miami,1.8M,1.3M,270.6K,681,1.3K,1.8,1.3,0.2706,681.0,1300.0
909,47bato,Batu FuRkan,20.6K,1.3M,172.5K,1.1K,2.1K,0.0206,1.3,0.1725,1100.0,2100.0
910,priimoraa,Prii Moraa,16.1M,2M,345.5K,293,726,16.1,2.0,0.3455,293.0,726.0
911,dylanhoogerwerf,dylan hoogerwerf,2.2M,2.3M,271.4K,779,318,2.2,2.3,0.2714,779.0,318.0
912,reesewitherspoon,Reese Witherspoon,8.5M,1.5M,147.9K,2.3K,878,8.5,1.5,0.1479,2300.0,878.0
913,olisboa,LISBOA,3.3M,1.6M,262.9K,601,1.1K,3.3,1.6,0.26289999999999997,601.0,1100.0
914,altarvision,Rowan,167K,1.1M,268.1K,1.1K,1.2K,0.167,1.1,0.2681,1100.0,1200.0
915,jakehunterofficial,Jake hunter,3.6M,2M,127.8K,2.4K,353,3.6,2.0,0.1278,2400.0,353.0
916,huddy,Huddy,32.2M,2M,147.9K,1.8K,529,32.2,2.0,0.1479,1800.0,529.0
917,ikerlafuente,Iker Lafuente ü´ß,153.5K,1M,162.5K,2.9K,1.1K,0.1535,1.0,0.1625,2900.0,1100.0
918,niallmacmillan,Niall MacMillan,5M,1.5M,123.2K,973,2.7K,5.0,1.5,0.1232,973.0,2700.0
919,nhabebap,üåΩ NH√É B√â B·∫ÆP üåΩ,2.3M,2.5M,267.8K,689,319,2.3,2.5,0.26780000000000004,689.0,319.0
920,lightskinmexican0,lightskinmexican0,127.3K,746.1K,119.8K,824,6.7K,0.1273,0.7461,0.1198,824.0,6700.0
921,elecherlee,Elecher Lee,135.9K,1.5M,138.3K,2.7K,632,0.1359,1.5,0.1383,2700.0,632.0
922,summerhays.bros,The Summerhays Bros,793.1K,1.3M,188.3K,539,2.2K,0.7931,1.3,0.18830000000000002,539.0,2200.0
923,amxnahali,Aminah,63.2K,1M,178.2K,2.3K,1.4K,0.0632,1.0,0.1782,2300.0,1400.0
924,dudeperfect,Dude Perfect,16.7M,2.3M,327.4K,469,416,16.7,2.3,0.32739999999999997,469.0,416.0
925,j0a0zinh0,jo√£ozinho,6.4M,1.1M,203.9K,1.1K,1.9K,6.4,1.1,0.2039,1100.0,1900.0
926,tonystatovci,TONY STATOVCI,2.4M,991.7K,224.5K,889,2.1K,2.4,0.9917,0.2245,889.0,2100.0
927,sanjosejules,Julie Anne San Jose,2M,2.3M,274.5K,566,486,2.0,2.3,0.2745,566.0,486.0
928,zanfilms,Zan Films,1.9M,2.7M,98.7K,1.2K,1.3K,1.9,2.7,0.0987,1200.0,1300.0
929,melch.cooks,melch.cooks,121.6K,1.6M,156.4K,2K,729,0.1216,1.6,0.1564,2000.0,729.0
930,sweizayne,Iana McCalebb,1.7M,907.7K,164.4K,1.9K,2.5K,1.7,0.9077000000000001,0.16440000000000002,1900.0,2500.0
931,taetoowavy,taetoowavy,8M,873K,171.3K,1.9K,2.4K,8.0,0.873,0.1713,1900.0,2400.0
932,a.l.capone,üíâÿ∑ÿ®Ÿäÿ® ÿßŸÑŸÇŸÑÿ®üíî,75.9K,863K,34.5K,629,21.3K,0.07590000000000001,0.863,0.0345,629.0,21300.0
933,chris,Chris Olsen,8.1M,1.8M,368K,559,424,8.1,1.8,0.368,559.0,424.0
934,lance210,Lance Stewart,22.3M,2.3M,218.4K,535,784,22.3,2.3,0.2184,535.0,784.0
935,mozamir,Amir,2.1M,1.4M,175.9K,1.8K,869,2.1,1.4,0.1759,1800.0,869.0
936,abdullah_eltourky,Eltourky üëë,7.3M,1.8M,200.5K,824,968,7.3,1.8,0.2005,824.0,968.0
937,fionntime,FionnTime,2.6M,910.2K,210.3K,1.4K,2K,2.6,0.9102,0.21030000000000001,1400.0,2000.0
938,ngoc.matcha,Ng·ªçc Matcha üíö,4.1M,1.1M,150K,3.3K,617,4.1,1.1,0.15,3300.0,617.0
939,posterised,Posterised,5.5M,1.5M,199.7K,715,1.4K,5.5,1.5,0.1997,715.0,1400.0
940,texassbitty,Texassbitty,142K,1.1M,126.1K,918,3.7K,0.142,1.1,0.1261,918.0,3700.0
941,ethankleinh3,Ethan Klein,1.9M,970.5K,136.6K,3K,1.9K,1.9,0.9705,0.1366,3000.0,1900.0
942,emrata,Emrata,1.6M,2M,186.8K,965,752,1.6,2.0,0.18680000000000002,965.0,752.0
943,mahmooud_shaar,ÿßÿ®Ÿà ÿπÿ±ÿ® üõëüé¨,1.5M,3M,100.2K,941,1.2K,1.5,3.0,0.1002,941.0,1200.0
944,anyaischuk,Anya Ischuk,11.8M,1.9M,219.3K,877,692,11.8,1.9,0.21930000000000002,877.0,692.0
945,.02h.88m,CALL ME LUCAS,1.2M,917.8K,172.6K,1.6K,2.4K,1.2,0.9178,0.1726,1600.0,2400.0
946,thiennhan5272,Thi·ªán Nh√¢n,4.1M,2.9M,216.8K,712,295,4.1,2.9,0.21680000000000002,712.0,295.0
947,elchaparrito951,el chuacheneguer,6.1M,1.3M,49.5K,525,9.3K,6.1,1.3,0.0495,525.0,9300.0
948,angryreactions,Oneya D‚ÄôAmelio,26.6M,1.5M,257.1K,1.3K,376,26.6,1.5,0.2571,1300.0,376.0
949,thereallifeguys,The Real Life Guys,474K,2.3M,216.1K,639,626,0.474,2.3,0.2161,639.0,626.0
950,aspenackley,Sabrina & Andrew,2.2M,1.3M,192.1K,598,1.9K,2.2,1.3,0.1921,598.0,1900.0
951,gutierrezcastro,Gutierrez Castro,14.2M,1.1M,147.9K,894,3K,14.2,1.1,0.1479,894.0,3000.0
952,joelbergs,JoelBergs,11.4M,1.9M,317.5K,511,528,11.4,1.9,0.3175,511.0,528.0
953,ragnarlebretonofficiel,Ragnar Le Breton officiel,383.4K,1.5M,135.4K,400,2.7K,0.38339999999999996,1.5,0.1354,400.0,2700.0
954,cowboyjess,cowboyjess,320K,1.6M,315.9K,719,509,0.32,1.6,0.31589999999999996,719.0,509.0
955,busheadoph,Busheado,14.3M,3.2M,209.9K,709,215,14.3,3.2,0.2099,709.0,215.0
956,ryansunandar,Ujang SGNüí∞,4.8M,873.2K,85.7K,5.4K,2.9K,4.8,0.8732000000000001,0.0857,5400.0,2900.0
957,nathaliavalente,Nathalia,13.6M,2.3M,242.9K,731,375,13.6,2.3,0.2429,731.0,375.0
958,mohaimen.alaa,ŸÖŸáŸäŸÖŸÜ ÿπŸÑÿßÿ°,4.1M,1.2M,171.2K,1.9K,1.2K,4.1,1.2,0.1712,1900.0,1200.0
959,itsmenicksmithy2,Nick Smithyman üòé,12.6M,1.7M,208.6K,982,806,12.6,1.7,0.2086,982.0,806.0
960,noeldeyzel_bodybuilder,Noel Deyzelüáøüá¶,5.3M,1.4M,228.2K,1K,885,5.3,1.4,0.2282,1000.0,885.0
961,_liltam,tamz,497.3K,2.2M,281.6K,370,623,0.4973,2.2,0.2816,370.0,623.0
962,mak.beh,BEH,861K,2.6M,233.2K,676,336,0.861,2.6,0.2332,676.0,336.0
963,rajaabelmir,Belmir Rajaa,1.1M,1.4M,133.8K,1.1K,2.3K,1.1,1.4,0.1338,1100.0,2300.0
964,ditanganu,DitaKerangüåä,7.7M,2.4M,211.4K,846,363,7.7,2.4,0.2114,846.0,363.0
965,kinosgina,KINOSGINA,1.7M,1.6M,87.5K,2.8K,1.8K,1.7,1.6,0.0875,2800.0,1800.0
966,texasbushman,Texas BUSHMAN,2.1M,1.2M,197K,611,2K,2.1,1.2,0.197,611.0,2000.0
967,notorious_foodie,Notorious Foodie,1.5M,1.7M,177.7K,528,1.5K,1.5,1.7,0.1777,528.0,1500.0
968,10july__,ùë∫ùíÇùíÖùíîùíÇùíîùíîùíî ‚ù§Ô∏è‚Äçüî•,1.1M,1M,123.1K,672,4.3K,1.1,1.0,0.1231,672.0,4300.0
969,lamminhduc2404,ü¶ãAƒêü¶ã,130.2K,2.3M,88.6K,2.3K,686,0.13019999999999998,2.3,0.0886,2300.0,686.0
970,papavince.davao,PapaVinceDavao,599.9K,899.6K,116.1K,2.8K,3K,0.5999,0.8996000000000001,0.1161,2800.0,3000.0
971,namyulenka,Namy,6.9M,1.5M,229.9K,1.2K,654,6.9,1.5,0.2299,1200.0,654.0
972,bankrolldyl,BankrollDylüí∏,5M,1.1M,226.9K,1.2K,1.2K,5.0,1.1,0.22690000000000002,1200.0,1200.0
973,interesting.thingsz,News For You üåç,4.1M,2.4M,186K,991,357,4.1,2.4,0.186,991.0,357.0
974,psg,psg,30.1M,1.7M,177.6K,1.4K,576,30.1,1.7,0.1776,1400.0,576.0
975,elo_os,Eloisa Os,2.4M,1.6M,276.9K,716,637,2.4,1.6,0.2769,716.0,637.0
976,zenitfc,FC Zenit,4M,1.9M,221.5K,1K,378,4.0,1.9,0.2215,1000.0,378.0
977,lauralove5514,LauraLove,7.6M,1.5M,230.2K,1.1K,705,7.6,1.5,0.2302,1100.0,705.0
978,rbplaying,RB playing,4.9M,1.4M,100.2K,675,3.6K,4.9,1.4,0.1002,675.0,3600.0
979,manutd,Manchester United,17.1M,1.6M,188.7K,1.5K,519,17.1,1.6,0.18869999999999998,1500.0,519.0
980,amika0429.14,„ÅÇ„Åø„Åãü¶Ñ‚ú®@„Éï„Ç©„Éº„Ç®„Ç§„Éà,1.2M,1.3M,96.8K,3.2K,1.5K,1.2,1.3,0.0968,3200.0,1500.0
981,chikn.nuggit,Chikn Nuggit,4.7M,948.5K,146.9K,3.2K,1.1K,4.7,0.9485,0.1469,3200.0,1100.0
982,aidanmrz,Aidan Mirza,1.1M,2.5M,157.8K,991,512,1.1,2.5,0.15780000000000002,991.0,512.0
983,shehabeldin100,Shehabeldin,6.9M,1.4M,141K,1.6K,1.4K,6.9,1.4,0.141,1600.0,1400.0
984,mrchiquitolina,Nicolino,269.2K,805.2K,163.6K,487,4K,0.2692,0.8052,0.1636,487.0,4000.0
985,nacha_acashore,Michelson,1.2M,2.2M,231.3K,434,743,1.2,2.2,0.2313,434.0,743.0
986,melanypalacioss,Melanyü•Ä,5.2M,1.6M,352.5K,909,137,5.2,1.6,0.3525,909.0,137.0
987,fortcraft354,Fortcraft354,189.2K,1.4M,156.8K,2.6K,70,0.18919999999999998,1.4,0.15680000000000002,2600.0,70.0
988,davidspade,DavidSpade,4.5M,1.1M,158.6K,1.5K,1.8K,4.5,1.1,0.1586,1500.0,1800.0
989,monika.kociolek,Monika Kocio≈Çek,2.8M,1.1M,170.4K,2.5K,614,2.8,1.1,0.1704,2500.0,614.0
990,yayisrenteria,Yayis Renteria,339.9K,1.9M,133.6K,382,1.9K,0.3399,1.9,0.1336,382.0,1900.0
991,fabirommel,Fabi Rommel,409.7K,1M,105.8K,573,4.9K,0.4097,1.0,0.10579999999999999,573.0,4900.0
992,juanito_pochi,JUANITOüî•üö∂,827.2K,2.1M,191.3K,671,781,0.8272,2.1,0.1913,671.0,781.0
993,brandonspam_,Brandon Conner,8.5M,1.5M,236.5K,1.4K,220,8.5,1.5,0.2365,1400.0,220.0
994,macy.blackwell,macy.blackwell,1.2M,1.1M,104.4K,382,4.7K,1.2,1.1,0.1044,382.0,4700.0
995,calebrownn,Cale Brown,5.5M,834.6K,148.2K,1.9K,2.8K,5.5,0.8346,0.1482,1900.0,2800.0
996,brendadialoy,Brenda Dialoy,371.9K,1.2M,187.5K,626,2K,0.37189999999999995,1.2,0.1875,626.0,2000.0
997,jujufitcats,Juju Fitcats,4.3M,2.2M,280.8K,380,558,4.3,2.2,0.2808,380.0,558.0
998,xoteam,XO Team,37.8M,2.5M,180.2K,859,450,37.8,2.5,0.1802,859.0,450.0
999,kimsnwuo,Ô∏èÔ∏è,100.9K,957.4K,226.8K,908,1.7K,0.1009,0.9574,0.2268,908.0,1700.0
1000,jass_mcg,jass_mcg,52.2K,503.8K,116K,8.1K,1.8K,0.0522,0.5038,0.116,8100.0,1800.0
